
main:     file format elf64-littleaarch64


Disassembly of section .init:

0000000000400f18 <_init>:
  400f18:	d503201f 	nop
  400f1c:	a9bf7bfd 	stp	x29, x30, [sp, #-16]!
  400f20:	910003fd 	mov	x29, sp
  400f24:	94000378 	bl	401d04 <call_weak_fn>
  400f28:	a8c17bfd 	ldp	x29, x30, [sp], #16
  400f2c:	d65f03c0 	ret

Disassembly of section .plt:

0000000000400f30 <.plt>:
  400f30:	a9bf7bf0 	stp	x16, x30, [sp, #-16]!
  400f34:	f00000f0 	adrp	x16, 41f000 <__FRAME_END__+0x1a8c0>
  400f38:	f947fe11 	ldr	x17, [x16, #4088]
  400f3c:	913fe210 	add	x16, x16, #0xff8
  400f40:	d61f0220 	br	x17
  400f44:	d503201f 	nop
  400f48:	d503201f 	nop
  400f4c:	d503201f 	nop

0000000000400f50 <_ZNSt6chrono3_V212system_clock3nowEv@plt>:
  400f50:	90000110 	adrp	x16, 420000 <_ZNSt6chrono3_V212system_clock3nowEv@GLIBCXX_3.4.19>
  400f54:	f9400211 	ldr	x17, [x16]
  400f58:	91000210 	add	x16, x16, #0x0
  400f5c:	d61f0220 	br	x17

0000000000400f60 <memcpy@plt>:
  400f60:	90000110 	adrp	x16, 420000 <_ZNSt6chrono3_V212system_clock3nowEv@GLIBCXX_3.4.19>
  400f64:	f9400611 	ldr	x17, [x16, #8]
  400f68:	91002210 	add	x16, x16, #0x8
  400f6c:	d61f0220 	br	x17

0000000000400f70 <aligned_alloc@plt>:
  400f70:	90000110 	adrp	x16, 420000 <_ZNSt6chrono3_V212system_clock3nowEv@GLIBCXX_3.4.19>
  400f74:	f9400a11 	ldr	x17, [x16, #16]
  400f78:	91004210 	add	x16, x16, #0x10
  400f7c:	d61f0220 	br	x17

0000000000400f80 <strtol@plt>:
  400f80:	90000110 	adrp	x16, 420000 <_ZNSt6chrono3_V212system_clock3nowEv@GLIBCXX_3.4.19>
  400f84:	f9400e11 	ldr	x17, [x16, #24]
  400f88:	91006210 	add	x16, x16, #0x18
  400f8c:	d61f0220 	br	x17

0000000000400f90 <_ZSt20__throw_length_errorPKc@plt>:
  400f90:	90000110 	adrp	x16, 420000 <_ZNSt6chrono3_V212system_clock3nowEv@GLIBCXX_3.4.19>
  400f94:	f9401211 	ldr	x17, [x16, #32]
  400f98:	91008210 	add	x16, x16, #0x20
  400f9c:	d61f0220 	br	x17

0000000000400fa0 <free@plt>:
  400fa0:	90000110 	adrp	x16, 420000 <_ZNSt6chrono3_V212system_clock3nowEv@GLIBCXX_3.4.19>
  400fa4:	f9401611 	ldr	x17, [x16, #40]
  400fa8:	9100a210 	add	x16, x16, #0x28
  400fac:	d61f0220 	br	x17

0000000000400fb0 <memset@plt>:
  400fb0:	90000110 	adrp	x16, 420000 <_ZNSt6chrono3_V212system_clock3nowEv@GLIBCXX_3.4.19>
  400fb4:	f9401a11 	ldr	x17, [x16, #48]
  400fb8:	9100c210 	add	x16, x16, #0x30
  400fbc:	d61f0220 	br	x17

0000000000400fc0 <__libc_start_main@plt>:
  400fc0:	90000110 	adrp	x16, 420000 <_ZNSt6chrono3_V212system_clock3nowEv@GLIBCXX_3.4.19>
  400fc4:	f9401e11 	ldr	x17, [x16, #56]
  400fc8:	9100e210 	add	x16, x16, #0x38
  400fcc:	d61f0220 	br	x17

0000000000400fd0 <pthread_join@plt>:
  400fd0:	90000110 	adrp	x16, 420000 <_ZNSt6chrono3_V212system_clock3nowEv@GLIBCXX_3.4.19>
  400fd4:	f9402211 	ldr	x17, [x16, #64]
  400fd8:	91010210 	add	x16, x16, #0x40
  400fdc:	d61f0220 	br	x17

0000000000400fe0 <_ZNSt13random_device7_M_finiEv@plt>:
  400fe0:	90000110 	adrp	x16, 420000 <_ZNSt6chrono3_V212system_clock3nowEv@GLIBCXX_3.4.19>
  400fe4:	f9402611 	ldr	x17, [x16, #72]
  400fe8:	91012210 	add	x16, x16, #0x48
  400fec:	d61f0220 	br	x17

0000000000400ff0 <_Znwm@plt>:
  400ff0:	90000110 	adrp	x16, 420000 <_ZNSt6chrono3_V212system_clock3nowEv@GLIBCXX_3.4.19>
  400ff4:	f9402a11 	ldr	x17, [x16, #80]
  400ff8:	91014210 	add	x16, x16, #0x50
  400ffc:	d61f0220 	br	x17

0000000000401000 <_ZdlPvm@plt>:
  401000:	f00000f0 	adrp	x16, 420000 <_ZNSt6chrono3_V212system_clock3nowEv@GLIBCXX_3.4.19>
  401004:	f9402e11 	ldr	x17, [x16, #88]
  401008:	91016210 	add	x16, x16, #0x58
  40100c:	d61f0220 	br	x17

0000000000401010 <pthread_barrier_destroy@plt>:
  401010:	f00000f0 	adrp	x16, 420000 <_ZNSt6chrono3_V212system_clock3nowEv@GLIBCXX_3.4.19>
  401014:	f9403211 	ldr	x17, [x16, #96]
  401018:	91018210 	add	x16, x16, #0x60
  40101c:	d61f0220 	br	x17

0000000000401020 <omp_set_num_threads@plt>:
  401020:	f00000f0 	adrp	x16, 420000 <_ZNSt6chrono3_V212system_clock3nowEv@GLIBCXX_3.4.19>
  401024:	f9403611 	ldr	x17, [x16, #104]
  401028:	9101a210 	add	x16, x16, #0x68
  40102c:	d61f0220 	br	x17

0000000000401030 <__cxa_atexit@plt>:
  401030:	f00000f0 	adrp	x16, 420000 <_ZNSt6chrono3_V212system_clock3nowEv@GLIBCXX_3.4.19>
  401034:	f9403a11 	ldr	x17, [x16, #112]
  401038:	9101c210 	add	x16, x16, #0x70
  40103c:	d61f0220 	br	x17

0000000000401040 <_ZSt16__ostream_insertIcSt11char_traitsIcEERSt13basic_ostreamIT_T0_ES6_PKS3_l@plt>:
  401040:	f00000f0 	adrp	x16, 420000 <_ZNSt6chrono3_V212system_clock3nowEv@GLIBCXX_3.4.19>
  401044:	f9403e11 	ldr	x17, [x16, #120]
  401048:	9101e210 	add	x16, x16, #0x78
  40104c:	d61f0220 	br	x17

0000000000401050 <pthread_barrier_wait@plt>:
  401050:	f00000f0 	adrp	x16, 420000 <_ZNSt6chrono3_V212system_clock3nowEv@GLIBCXX_3.4.19>
  401054:	f9404211 	ldr	x17, [x16, #128]
  401058:	91020210 	add	x16, x16, #0x80
  40105c:	d61f0220 	br	x17

0000000000401060 <memmove@plt>:
  401060:	f00000f0 	adrp	x16, 420000 <_ZNSt6chrono3_V212system_clock3nowEv@GLIBCXX_3.4.19>
  401064:	f9404611 	ldr	x17, [x16, #136]
  401068:	91022210 	add	x16, x16, #0x88
  40106c:	d61f0220 	br	x17

0000000000401070 <_ZNSt13random_device9_M_getvalEv@plt>:
  401070:	f00000f0 	adrp	x16, 420000 <_ZNSt6chrono3_V212system_clock3nowEv@GLIBCXX_3.4.19>
  401074:	f9404a11 	ldr	x17, [x16, #144]
  401078:	91024210 	add	x16, x16, #0x90
  40107c:	d61f0220 	br	x17

0000000000401080 <GOMP_parallel@plt>:
  401080:	f00000f0 	adrp	x16, 420000 <_ZNSt6chrono3_V212system_clock3nowEv@GLIBCXX_3.4.19>
  401084:	f9404e11 	ldr	x17, [x16, #152]
  401088:	91026210 	add	x16, x16, #0x98
  40108c:	d61f0220 	br	x17

0000000000401090 <_ZNSt8ios_base4InitC1Ev@plt>:
  401090:	f00000f0 	adrp	x16, 420000 <_ZNSt6chrono3_V212system_clock3nowEv@GLIBCXX_3.4.19>
  401094:	f9405211 	ldr	x17, [x16, #160]
  401098:	91028210 	add	x16, x16, #0xa0
  40109c:	d61f0220 	br	x17

00000000004010a0 <omp_get_thread_num@plt>:
  4010a0:	f00000f0 	adrp	x16, 420000 <_ZNSt6chrono3_V212system_clock3nowEv@GLIBCXX_3.4.19>
  4010a4:	f9405611 	ldr	x17, [x16, #168]
  4010a8:	9102a210 	add	x16, x16, #0xa8
  4010ac:	d61f0220 	br	x17

00000000004010b0 <abort@plt>:
  4010b0:	f00000f0 	adrp	x16, 420000 <_ZNSt6chrono3_V212system_clock3nowEv@GLIBCXX_3.4.19>
  4010b4:	f9405a11 	ldr	x17, [x16, #176]
  4010b8:	9102c210 	add	x16, x16, #0xb0
  4010bc:	d61f0220 	br	x17

00000000004010c0 <_ZNSo9_M_insertIdEERSoT_@plt>:
  4010c0:	f00000f0 	adrp	x16, 420000 <_ZNSt6chrono3_V212system_clock3nowEv@GLIBCXX_3.4.19>
  4010c4:	f9405e11 	ldr	x17, [x16, #184]
  4010c8:	9102e210 	add	x16, x16, #0xb8
  4010cc:	d61f0220 	br	x17

00000000004010d0 <pthread_barrier_init@plt>:
  4010d0:	f00000f0 	adrp	x16, 420000 <_ZNSt6chrono3_V212system_clock3nowEv@GLIBCXX_3.4.19>
  4010d4:	f9406211 	ldr	x17, [x16, #192]
  4010d8:	91030210 	add	x16, x16, #0xc0
  4010dc:	d61f0220 	br	x17

00000000004010e0 <__gxx_personality_v0@plt>:
  4010e0:	f00000f0 	adrp	x16, 420000 <_ZNSt6chrono3_V212system_clock3nowEv@GLIBCXX_3.4.19>
  4010e4:	f9406611 	ldr	x17, [x16, #200]
  4010e8:	91032210 	add	x16, x16, #0xc8
  4010ec:	d61f0220 	br	x17

00000000004010f0 <_ZNSt13random_device7_M_initERKNSt7__cxx1112basic_stringIcSt11char_traitsIcESaIcEEE@plt>:
  4010f0:	f00000f0 	adrp	x16, 420000 <_ZNSt6chrono3_V212system_clock3nowEv@GLIBCXX_3.4.19>
  4010f4:	f9406a11 	ldr	x17, [x16, #208]
  4010f8:	91034210 	add	x16, x16, #0xd0
  4010fc:	d61f0220 	br	x17

0000000000401100 <_ZNSolsEi@plt>:
  401100:	f00000f0 	adrp	x16, 420000 <_ZNSt6chrono3_V212system_clock3nowEv@GLIBCXX_3.4.19>
  401104:	f9406e11 	ldr	x17, [x16, #216]
  401108:	91036210 	add	x16, x16, #0xd8
  40110c:	d61f0220 	br	x17

0000000000401110 <_Unwind_Resume@plt>:
  401110:	f00000f0 	adrp	x16, 420000 <_ZNSt6chrono3_V212system_clock3nowEv@GLIBCXX_3.4.19>
  401114:	f9407211 	ldr	x17, [x16, #224]
  401118:	91038210 	add	x16, x16, #0xe0
  40111c:	d61f0220 	br	x17

0000000000401120 <GOMP_barrier@plt>:
  401120:	f00000f0 	adrp	x16, 420000 <_ZNSt6chrono3_V212system_clock3nowEv@GLIBCXX_3.4.19>
  401124:	f9407611 	ldr	x17, [x16, #232]
  401128:	9103a210 	add	x16, x16, #0xe8
  40112c:	d61f0220 	br	x17

0000000000401130 <pthread_create@plt>:
  401130:	f00000f0 	adrp	x16, 420000 <_ZNSt6chrono3_V212system_clock3nowEv@GLIBCXX_3.4.19>
  401134:	f9407a11 	ldr	x17, [x16, #240]
  401138:	9103c210 	add	x16, x16, #0xf0
  40113c:	d61f0220 	br	x17

0000000000401140 <omp_get_num_threads@plt>:
  401140:	f00000f0 	adrp	x16, 420000 <_ZNSt6chrono3_V212system_clock3nowEv@GLIBCXX_3.4.19>
  401144:	f9407e11 	ldr	x17, [x16, #248]
  401148:	9103e210 	add	x16, x16, #0xf8
  40114c:	d61f0220 	br	x17

0000000000401150 <__gmon_start__@plt>:
  401150:	f00000f0 	adrp	x16, 420000 <_ZNSt6chrono3_V212system_clock3nowEv@GLIBCXX_3.4.19>
  401154:	f9408211 	ldr	x17, [x16, #256]
  401158:	91040210 	add	x16, x16, #0x100
  40115c:	d61f0220 	br	x17

0000000000401160 <_ZNSt8ios_base4InitD1Ev@plt>:
  401160:	f00000f0 	adrp	x16, 420000 <_ZNSt6chrono3_V212system_clock3nowEv@GLIBCXX_3.4.19>
  401164:	f9408611 	ldr	x17, [x16, #264]
  401168:	91042210 	add	x16, x16, #0x108
  40116c:	d61f0220 	br	x17

Disassembly of section .text:

0000000000401180 <main>:
  401180:	a9a67bfd 	stp	x29, x30, [sp, #-416]!
  401184:	f0000002 	adrp	x2, 404000 <_IO_stdin_used+0x200>
  401188:	52810004 	mov	w4, #0x800                 	// #2048
  40118c:	910003fd 	mov	x29, sp
  401190:	fd404040 	ldr	d0, [x2, #128]
  401194:	910563e3 	add	x3, sp, #0x158
  401198:	d2800062 	mov	x2, #0x3                   	// #3
  40119c:	a90153f3 	stp	x19, x20, [sp, #16]
  4011a0:	2a0003f4 	mov	w20, w0
  4011a4:	aa0103f3 	mov	x19, x1
  4011a8:	9104a3e0 	add	x0, sp, #0x128
  4011ac:	9105c3e1 	add	x1, sp, #0x170
  4011b0:	a9025bf5 	stp	x21, x22, [sp, #32]
  4011b4:	a90363f7 	stp	x23, x24, [sp, #48]
  4011b8:	a9046bf9 	stp	x25, x26, [sp, #64]
  4011bc:	a90573fb 	stp	x27, x28, [sp, #80]
  4011c0:	6d0627e8 	stp	d8, d9, [sp, #96]
  4011c4:	6d072fea 	stp	d10, d11, [sp, #112]
  4011c8:	fd0043ec 	str	d12, [sp, #128]
  4011cc:	fd00bbe0 	str	d0, [sp, #368]
  4011d0:	b9017be4 	str	w4, [sp, #376]
  4011d4:	940009d7 	bl	403930 <_ZNSt6vectorIiSaIiEEC1ESt16initializer_listIiERKS0_>
  4011d8:	f0000000 	adrp	x0, 404000 <_IO_stdin_used+0x200>
  4011dc:	910563e3 	add	x3, sp, #0x158
  4011e0:	9105c3e1 	add	x1, sp, #0x170
  4011e4:	d2800082 	mov	x2, #0x4                   	// #4
  4011e8:	3dc01c00 	ldr	q0, [x0, #112]
  4011ec:	910503e0 	add	x0, sp, #0x140
  4011f0:	3d805fe0 	str	q0, [sp, #368]
  4011f4:	940009cf 	bl	403930 <_ZNSt6vectorIiSaIiEEC1ESt16initializer_listIiERKS0_>
  4011f8:	7100069f 	cmp	w20, #0x1
  4011fc:	540003ad 	b.le	401270 <main+0xf0>
  401200:	a95287e0 	ldp	x0, x1, [sp, #296]
  401204:	eb00003f 	cmp	x1, x0
  401208:	54000040 	b.eq	401210 <main+0x90>  // b.none
  40120c:	f9009be0 	str	x0, [sp, #304]
  401210:	f9400660 	ldr	x0, [x19, #8]
  401214:	52800142 	mov	w2, #0xa                   	// #10
  401218:	d2800001 	mov	x1, #0x0                   	// #0
  40121c:	97ffff59 	bl	400f80 <strtol@plt>
  401220:	aa0003e2 	mov	x2, x0
  401224:	9105c3e1 	add	x1, sp, #0x170
  401228:	9104a3e0 	add	x0, sp, #0x128
  40122c:	b90173e2 	str	w2, [sp, #368]
  401230:	94000a94 	bl	403c80 <_ZNSt6vectorIiSaIiEE12emplace_backIJiEEEvDpOT_>
  401234:	71000a9f 	cmp	w20, #0x2
  401238:	540001c0 	b.eq	401270 <main+0xf0>  // b.none
  40123c:	a95407e0 	ldp	x0, x1, [sp, #320]
  401240:	eb00003f 	cmp	x1, x0
  401244:	54000040 	b.eq	40124c <main+0xcc>  // b.none
  401248:	f900a7e0 	str	x0, [sp, #328]
  40124c:	f9400a60 	ldr	x0, [x19, #16]
  401250:	52800142 	mov	w2, #0xa                   	// #10
  401254:	d2800001 	mov	x1, #0x0                   	// #0
  401258:	97ffff4a 	bl	400f80 <strtol@plt>
  40125c:	aa0003e2 	mov	x2, x0
  401260:	9105c3e1 	add	x1, sp, #0x170
  401264:	910503e0 	add	x0, sp, #0x140
  401268:	b90173e2 	str	w2, [sp, #368]
  40126c:	94000a85 	bl	403c80 <_ZNSt6vectorIiSaIiEE12emplace_backIJiEEEvDpOT_>
  401270:	f00000e0 	adrp	x0, 420000 <_ZNSt6chrono3_V212system_clock3nowEv@GLIBCXX_3.4.19>
  401274:	9104c016 	add	x22, x0, #0x130
  401278:	12802085 	mov	w5, #0xfffffefb            	// #-261
  40127c:	d2800066 	mov	x6, #0x3                   	// #3
  401280:	f9409803 	ldr	x3, [x0, #304]
  401284:	d0000001 	adrp	x1, 403000 <_Z20gauss_pthread_cyclicPfS_ii+0x270>
  401288:	aa1603e0 	mov	x0, x22
  40128c:	913a2021 	add	x1, x1, #0xe88
  401290:	d28007a2 	mov	x2, #0x3d                  	// #61
  401294:	f85e8063 	ldur	x3, [x3, #-24]
  401298:	8b0302c3 	add	x3, x22, x3
  40129c:	b9401864 	ldr	w4, [x3, #24]
  4012a0:	f9000466 	str	x6, [x3, #8]
  4012a4:	0a050084 	and	w4, w4, w5
  4012a8:	321e0084 	orr	w4, w4, #0x4
  4012ac:	b9001864 	str	w4, [x3, #24]
  4012b0:	97ffff64 	bl	401040 <_ZSt16__ostream_insertIcSt11char_traitsIcEERSt13basic_ostreamIT_T0_ES6_PKS3_l@plt>
  4012b4:	d0000001 	adrp	x1, 403000 <_Z20gauss_pthread_cyclicPfS_ii+0x270>
  4012b8:	aa1603e0 	mov	x0, x22
  4012bc:	913b2021 	add	x1, x1, #0xec8
  4012c0:	d28006c2 	mov	x2, #0x36                  	// #54
  4012c4:	97ffff5f 	bl	401040 <_ZSt16__ostream_insertIcSt11char_traitsIcEERSt13basic_ostreamIT_T0_ES6_PKS3_l@plt>
  4012c8:	d0000000 	adrp	x0, 403000 <_Z20gauss_pthread_cyclicPfS_ii+0x270>
  4012cc:	913c0000 	add	x0, x0, #0xf00
  4012d0:	aa0003e1 	mov	x1, x0
  4012d4:	d28007c2 	mov	x2, #0x3e                  	// #62
  4012d8:	f9008be0 	str	x0, [sp, #272]
  4012dc:	aa1603e0 	mov	x0, x22
  4012e0:	97ffff58 	bl	401040 <_ZSt16__ostream_insertIcSt11char_traitsIcEERSt13basic_ostreamIT_T0_ES6_PKS3_l@plt>
  4012e4:	a9528be1 	ldp	x1, x2, [sp, #296]
  4012e8:	d0000000 	adrp	x0, 403000 <_Z20gauss_pthread_cyclicPfS_ii+0x270>
  4012ec:	913d0000 	add	x0, x0, #0xf40
  4012f0:	a9100be1 	stp	x1, x2, [sp, #256]
  4012f4:	f9008fe0 	str	x0, [sp, #280]
  4012f8:	eb01005f 	cmp	x2, x1
  4012fc:	540043c0 	b.eq	401b74 <main+0x9f4>  // b.none
  401300:	d2d09001 	mov	x1, #0x848000000000        	// #145685290680320
  401304:	d0000000 	adrp	x0, 403000 <_Z20gauss_pthread_cyclicPfS_ii+0x270>
  401308:	f2e825c1 	movk	x1, #0x412e, lsl #48
  40130c:	913f0000 	add	x0, x0, #0xfc0
  401310:	9e670029 	fmov	d9, x1
  401314:	f90067e0 	str	x0, [sp, #200]
  401318:	f94083e3 	ldr	x3, [sp, #256]
  40131c:	aa1603e0 	mov	x0, x22
  401320:	f9408fe1 	ldr	x1, [sp, #280]
  401324:	d2800322 	mov	x2, #0x19                  	// #25
  401328:	b9400073 	ldr	w19, [x3]
  40132c:	97ffff45 	bl	401040 <_ZSt16__ostream_insertIcSt11char_traitsIcEERSt13basic_ostreamIT_T0_ES6_PKS3_l@plt>
  401330:	2a1303e1 	mov	w1, w19
  401334:	aa1603e0 	mov	x0, x22
  401338:	97ffff72 	bl	401100 <_ZNSolsEi@plt>
  40133c:	d0000001 	adrp	x1, 403000 <_Z20gauss_pthread_cyclicPfS_ii+0x270>
  401340:	aa0003f4 	mov	x20, x0
  401344:	913d8021 	add	x1, x1, #0xf60
  401348:	d2800062 	mov	x2, #0x3                   	// #3
  40134c:	97ffff3d 	bl	401040 <_ZSt16__ostream_insertIcSt11char_traitsIcEERSt13basic_ostreamIT_T0_ES6_PKS3_l@plt>
  401350:	2a1303e1 	mov	w1, w19
  401354:	aa1403e0 	mov	x0, x20
  401358:	97ffff6a 	bl	401100 <_ZNSolsEi@plt>
  40135c:	d0000001 	adrp	x1, 403000 <_Z20gauss_pthread_cyclicPfS_ii+0x270>
  401360:	d28001a2 	mov	x2, #0xd                   	// #13
  401364:	913da021 	add	x1, x1, #0xf68
  401368:	97ffff36 	bl	401040 <_ZSt16__ostream_insertIcSt11char_traitsIcEERSt13basic_ostreamIT_T0_ES6_PKS3_l@plt>
  40136c:	9105c3e8 	add	x8, sp, #0x170
  401370:	2a1303e0 	mov	w0, w19
  401374:	94000848 	bl	403494 <_Z13generate_datai>
  401378:	1b137e77 	mul	w23, w19, w19
  40137c:	937e7e78 	sbfiz	x24, x19, #2, #32
  401380:	d2800800 	mov	x0, #0x40                  	// #64
  401384:	937e7ef7 	sbfiz	x23, x23, #2, #32
  401388:	aa1703e1 	mov	x1, x23
  40138c:	97fffef9 	bl	400f70 <aligned_alloc@plt>
  401390:	aa1803e1 	mov	x1, x24
  401394:	aa0003f5 	mov	x21, x0
  401398:	d2800800 	mov	x0, #0x40                  	// #64
  40139c:	97fffef5 	bl	400f70 <aligned_alloc@plt>
  4013a0:	f940bbe1 	ldr	x1, [sp, #368]
  4013a4:	aa0003f4 	mov	x20, x0
  4013a8:	aa1703e2 	mov	x2, x23
  4013ac:	aa1503e0 	mov	x0, x21
  4013b0:	97fffeec 	bl	400f60 <memcpy@plt>
  4013b4:	f940bfe1 	ldr	x1, [sp, #376]
  4013b8:	aa1803e2 	mov	x2, x24
  4013bc:	aa1403e0 	mov	x0, x20
  4013c0:	97fffee8 	bl	400f60 <memcpy@plt>
  4013c4:	97fffee3 	bl	400f50 <_ZNSt6chrono3_V212system_clock3nowEv@plt>
  4013c8:	aa0003f9 	mov	x25, x0
  4013cc:	aa1403e1 	mov	x1, x20
  4013d0:	aa1503e0 	mov	x0, x21
  4013d4:	2a1303e2 	mov	w2, w19
  4013d8:	9400058b 	bl	402a04 <_Z12gauss_serialPfS_i>
  4013dc:	97fffedd 	bl	400f50 <_ZNSt6chrono3_V212system_clock3nowEv@plt>
  4013e0:	cb190000 	sub	x0, x0, x25
  4013e4:	0f00040a 	movi	v10.2s, #0x0
  4013e8:	9e620008 	scvtf	d8, x0
  4013ec:	1e691908 	fdiv	d8, d8, d9
  4013f0:	7100027f 	cmp	w19, #0x0
  4013f4:	5400016d 	b.le	401420 <main+0x2a0>
  4013f8:	f940c3e1 	ldr	x1, [sp, #384]
  4013fc:	d2800000 	mov	x0, #0x0                   	// #0
  401400:	bc607a80 	ldr	s0, [x20, x0, lsl #2]
  401404:	bc607821 	ldr	s1, [x1, x0, lsl #2]
  401408:	7ea1d400 	fabd	s0, s0, s1
  40140c:	1e2a2010 	fcmpe	s0, s10
  401410:	54003e0c 	b.gt	401bd0 <main+0xa50>
  401414:	91000400 	add	x0, x0, #0x1
  401418:	6b00027f 	cmp	w19, w0
  40141c:	54ffff2c 	b.gt	401400 <main+0x280>
  401420:	d0000001 	adrp	x1, 403000 <_Z20gauss_pthread_cyclicPfS_ii+0x270>
  401424:	aa1603e0 	mov	x0, x22
  401428:	913de021 	add	x1, x1, #0xf78
  40142c:	d2800322 	mov	x2, #0x19                  	// #25
  401430:	97ffff04 	bl	401040 <_ZSt16__ostream_insertIcSt11char_traitsIcEERSt13basic_ostreamIT_T0_ES6_PKS3_l@plt>
  401434:	1e604100 	fmov	d0, d8
  401438:	aa1603e0 	mov	x0, x22
  40143c:	97ffff21 	bl	4010c0 <_ZNSo9_M_insertIdEERSoT_@plt>
  401440:	d0000001 	adrp	x1, 403000 <_Z20gauss_pthread_cyclicPfS_ii+0x270>
  401444:	aa0003f9 	mov	x25, x0
  401448:	913e6021 	add	x1, x1, #0xf98
  40144c:	d28001a2 	mov	x2, #0xd                   	// #13
  401450:	f90053e1 	str	x1, [sp, #160]
  401454:	97fffefb 	bl	401040 <_ZSt16__ostream_insertIcSt11char_traitsIcEERSt13basic_ostreamIT_T0_ES6_PKS3_l@plt>
  401458:	f9400321 	ldr	x1, [x25]
  40145c:	aa1903e0 	mov	x0, x25
  401460:	12802082 	mov	w2, #0xfffffefb            	// #-261
  401464:	1e22c140 	fcvt	d0, s10
  401468:	f85e8021 	ldur	x1, [x1, #-24]
  40146c:	8b010339 	add	x25, x25, x1
  401470:	b9401b21 	ldr	w1, [x25, #24]
  401474:	0a020021 	and	w1, w1, w2
  401478:	32180021 	orr	w1, w1, #0x100
  40147c:	b9001b21 	str	w1, [x25, #24]
  401480:	97ffff10 	bl	4010c0 <_ZNSo9_M_insertIdEERSoT_@plt>
  401484:	d0000001 	adrp	x1, 403000 <_Z20gauss_pthread_cyclicPfS_ii+0x270>
  401488:	913ea021 	add	x1, x1, #0xfa8
  40148c:	aa0103f9 	mov	x25, x1
  401490:	d2800022 	mov	x2, #0x1                   	// #1
  401494:	f9005be1 	str	x1, [sp, #176]
  401498:	97fffeea 	bl	401040 <_ZSt16__ostream_insertIcSt11char_traitsIcEERSt13basic_ostreamIT_T0_ES6_PKS3_l@plt>
  40149c:	aa1503e0 	mov	x0, x21
  4014a0:	97fffec0 	bl	400fa0 <free@plt>
  4014a4:	aa1403e0 	mov	x0, x20
  4014a8:	97fffebe 	bl	400fa0 <free@plt>
  4014ac:	aa1903e1 	mov	x1, x25
  4014b0:	aa1603e0 	mov	x0, x22
  4014b4:	d2800022 	mov	x2, #0x1                   	// #1
  4014b8:	97fffee2 	bl	401040 <_ZSt16__ostream_insertIcSt11char_traitsIcEERSt13basic_ostreamIT_T0_ES6_PKS3_l@plt>
  4014bc:	a95403e2 	ldp	x2, x0, [sp, #320]
  4014c0:	f90057e0 	str	x0, [sp, #168]
  4014c4:	eb02001f 	cmp	x0, x2
  4014c8:	54003300 	b.eq	401b28 <main+0x9a8>  // b.none
  4014cc:	51000663 	sub	w3, w19, #0x1
  4014d0:	4b1303e0 	neg	w0, w19
  4014d4:	2a3303e1 	mvn	w1, w19
  4014d8:	f9004fe2 	str	x2, [sp, #152]
  4014dc:	93407c62 	sxtw	x2, w3
  4014e0:	93407c00 	sxtw	x0, w0
  4014e4:	1b037e65 	mul	w5, w19, w3
  4014e8:	937e7c21 	sbfiz	x1, x1, #2, #32
  4014ec:	291f17e3 	stp	w3, w5, [sp, #248]
  4014f0:	91000443 	add	x3, x2, #0x1
  4014f4:	d1000400 	sub	x0, x0, #0x1
  4014f8:	f90073e1 	str	x1, [sp, #224]
  4014fc:	d37ef461 	lsl	x1, x3, #2
  401500:	f90077e1 	str	x1, [sp, #232]
  401504:	93407ca1 	sxtw	x1, w5
  401508:	d37ef400 	lsl	x0, x0, #2
  40150c:	8b020022 	add	x2, x1, x2
  401510:	8b030021 	add	x1, x1, x3
  401514:	d0000004 	adrp	x4, 403000 <_Z20gauss_pthread_cyclicPfS_ii+0x270>
  401518:	f9006be0 	str	x0, [sp, #208]
  40151c:	913ec080 	add	x0, x4, #0xfb0
  401520:	d37ef442 	lsl	x2, x2, #2
  401524:	d37ef421 	lsl	x1, x1, #2
  401528:	f9005fe0 	str	x0, [sp, #184]
  40152c:	d0000000 	adrp	x0, 403000 <_Z20gauss_pthread_cyclicPfS_ii+0x270>
  401530:	913f2000 	add	x0, x0, #0xfc8
  401534:	f90063e0 	str	x0, [sp, #192]
  401538:	f9006fe2 	str	x2, [sp, #216]
  40153c:	f9007be1 	str	x1, [sp, #240]
  401540:	f9404fe3 	ldr	x3, [sp, #152]
  401544:	aa1603e0 	mov	x0, x22
  401548:	f9405fe1 	ldr	x1, [sp, #184]
  40154c:	d28001c2 	mov	x2, #0xe                   	// #14
  401550:	b940007c 	ldr	w28, [x3]
  401554:	97fffebb 	bl	401040 <_ZSt16__ostream_insertIcSt11char_traitsIcEERSt13basic_ostreamIT_T0_ES6_PKS3_l@plt>
  401558:	2a1c03e1 	mov	w1, w28
  40155c:	aa1603e0 	mov	x0, x22
  401560:	97fffee8 	bl	401100 <_ZNSolsEi@plt>
  401564:	f94067e1 	ldr	x1, [sp, #200]
  401568:	d28000a2 	mov	x2, #0x5                   	// #5
  40156c:	97fffeb5 	bl	401040 <_ZSt16__ostream_insertIcSt11char_traitsIcEERSt13basic_ostreamIT_T0_ES6_PKS3_l@plt>
  401570:	aa1703e1 	mov	x1, x23
  401574:	d2800800 	mov	x0, #0x40                  	// #64
  401578:	97fffe7e 	bl	400f70 <aligned_alloc@plt>
  40157c:	aa0003f5 	mov	x21, x0
  401580:	aa1803e1 	mov	x1, x24
  401584:	d2800800 	mov	x0, #0x40                  	// #64
  401588:	97fffe7a 	bl	400f70 <aligned_alloc@plt>
  40158c:	aa0003f4 	mov	x20, x0
  401590:	f940bbe1 	ldr	x1, [sp, #368]
  401594:	aa1703e2 	mov	x2, x23
  401598:	aa1503e0 	mov	x0, x21
  40159c:	97fffe71 	bl	400f60 <memcpy@plt>
  4015a0:	f940bfe1 	ldr	x1, [sp, #376]
  4015a4:	aa1803e2 	mov	x2, x24
  4015a8:	aa1403e0 	mov	x0, x20
  4015ac:	97fffe6d 	bl	400f60 <memcpy@plt>
  4015b0:	97fffe68 	bl	400f50 <_ZNSt6chrono3_V212system_clock3nowEv@plt>
  4015b4:	aa0003f9 	mov	x25, x0
  4015b8:	aa1403e1 	mov	x1, x20
  4015bc:	aa1503e0 	mov	x0, x21
  4015c0:	2a1c03e3 	mov	w3, w28
  4015c4:	2a1303e2 	mov	w2, w19
  4015c8:	940005f2 	bl	402d90 <_Z20gauss_pthread_cyclicPfS_ii>
  4015cc:	97fffe61 	bl	400f50 <_ZNSt6chrono3_V212system_clock3nowEv@plt>
  4015d0:	cb190000 	sub	x0, x0, x25
  4015d4:	0f00040a 	movi	v10.2s, #0x0
  4015d8:	9e62000b 	scvtf	d11, x0
  4015dc:	1e69196b 	fdiv	d11, d11, d9
  4015e0:	7100027f 	cmp	w19, #0x0
  4015e4:	5400016d 	b.le	401610 <main+0x490>
  4015e8:	f940c3e1 	ldr	x1, [sp, #384]
  4015ec:	d2800000 	mov	x0, #0x0                   	// #0
  4015f0:	bc607a80 	ldr	s0, [x20, x0, lsl #2]
  4015f4:	bc607821 	ldr	s1, [x1, x0, lsl #2]
  4015f8:	7ea1d400 	fabd	s0, s0, s1
  4015fc:	1e2a2010 	fcmpe	s0, s10
  401600:	54001f0c 	b.gt	4019e0 <main+0x860>
  401604:	91000400 	add	x0, x0, #0x1
  401608:	6b00027f 	cmp	w19, w0
  40160c:	54ffff2c 	b.gt	4015f0 <main+0x470>
  401610:	1e6b190c 	fdiv	d12, d8, d11
  401614:	aa1603e0 	mov	x0, x22
  401618:	f94063e1 	ldr	x1, [sp, #192]
  40161c:	d28002a2 	mov	x2, #0x15                  	// #21
  401620:	97fffe88 	bl	401040 <_ZSt16__ostream_insertIcSt11char_traitsIcEERSt13basic_ostreamIT_T0_ES6_PKS3_l@plt>
  401624:	1e604160 	fmov	d0, d11
  401628:	aa1603e0 	mov	x0, x22
  40162c:	97fffea5 	bl	4010c0 <_ZNSo9_M_insertIdEERSoT_@plt>
  401630:	f94053e1 	ldr	x1, [sp, #160]
  401634:	aa0003f9 	mov	x25, x0
  401638:	d28001a2 	mov	x2, #0xd                   	// #13
  40163c:	97fffe81 	bl	401040 <_ZSt16__ostream_insertIcSt11char_traitsIcEERSt13basic_ostreamIT_T0_ES6_PKS3_l@plt>
  401640:	f9400321 	ldr	x1, [x25]
  401644:	aa1903e0 	mov	x0, x25
  401648:	12802082 	mov	w2, #0xfffffefb            	// #-261
  40164c:	1e22c140 	fcvt	d0, s10
  401650:	f85e8021 	ldur	x1, [x1, #-24]
  401654:	8b010339 	add	x25, x25, x1
  401658:	b9401b21 	ldr	w1, [x25, #24]
  40165c:	0a020021 	and	w1, w1, w2
  401660:	32180021 	orr	w1, w1, #0x100
  401664:	b9001b21 	str	w1, [x25, #24]
  401668:	97fffe96 	bl	4010c0 <_ZNSo9_M_insertIdEERSoT_@plt>
  40166c:	d000001a 	adrp	x26, 403000 <_Z20gauss_pthread_cyclicPfS_ii+0x270>
  401670:	913f835a 	add	x26, x26, #0xfe0
  401674:	aa0003f9 	mov	x25, x0
  401678:	aa1a03e1 	mov	x1, x26
  40167c:	d2800182 	mov	x2, #0xc                   	// #12
  401680:	97fffe70 	bl	401040 <_ZSt16__ostream_insertIcSt11char_traitsIcEERSt13basic_ostreamIT_T0_ES6_PKS3_l@plt>
  401684:	f9400321 	ldr	x1, [x25]
  401688:	aa1903e0 	mov	x0, x25
  40168c:	12802082 	mov	w2, #0xfffffefb            	// #-261
  401690:	1e604180 	fmov	d0, d12
  401694:	d2800043 	mov	x3, #0x2                   	// #2
  401698:	f85e8021 	ldur	x1, [x1, #-24]
  40169c:	8b010339 	add	x25, x25, x1
  4016a0:	b9401b21 	ldr	w1, [x25, #24]
  4016a4:	f9000723 	str	x3, [x25, #8]
  4016a8:	0a020021 	and	w1, w1, w2
  4016ac:	321e0021 	orr	w1, w1, #0x4
  4016b0:	b9001b21 	str	w1, [x25, #24]
  4016b4:	97fffe83 	bl	4010c0 <_ZNSo9_M_insertIdEERSoT_@plt>
  4016b8:	d0000019 	adrp	x25, 403000 <_Z20gauss_pthread_cyclicPfS_ii+0x270>
  4016bc:	913fc339 	add	x25, x25, #0xff0
  4016c0:	aa1903e1 	mov	x1, x25
  4016c4:	d2800042 	mov	x2, #0x2                   	// #2
  4016c8:	97fffe5e 	bl	401040 <_ZSt16__ostream_insertIcSt11char_traitsIcEERSt13basic_ostreamIT_T0_ES6_PKS3_l@plt>
  4016cc:	aa1503e0 	mov	x0, x21
  4016d0:	97fffe34 	bl	400fa0 <free@plt>
  4016d4:	aa1403e0 	mov	x0, x20
  4016d8:	97fffe32 	bl	400fa0 <free@plt>
  4016dc:	aa1703e1 	mov	x1, x23
  4016e0:	d2800800 	mov	x0, #0x40                  	// #64
  4016e4:	97fffe23 	bl	400f70 <aligned_alloc@plt>
  4016e8:	aa0003fb 	mov	x27, x0
  4016ec:	aa1803e1 	mov	x1, x24
  4016f0:	d2800800 	mov	x0, #0x40                  	// #64
  4016f4:	97fffe1f 	bl	400f70 <aligned_alloc@plt>
  4016f8:	aa0003f4 	mov	x20, x0
  4016fc:	f940bbe1 	ldr	x1, [sp, #368]
  401700:	aa1703e2 	mov	x2, x23
  401704:	aa1b03e0 	mov	x0, x27
  401708:	97fffe16 	bl	400f60 <memcpy@plt>
  40170c:	f940bfe1 	ldr	x1, [sp, #376]
  401710:	aa1803e2 	mov	x2, x24
  401714:	aa1403e0 	mov	x0, x20
  401718:	97fffe12 	bl	400f60 <memcpy@plt>
  40171c:	97fffe0d 	bl	400f50 <_ZNSt6chrono3_V212system_clock3nowEv@plt>
  401720:	aa0003f5 	mov	x21, x0
  401724:	aa1403e1 	mov	x1, x20
  401728:	aa1b03e0 	mov	x0, x27
  40172c:	2a1c03e3 	mov	w3, w28
  401730:	2a1303e2 	mov	w2, w19
  401734:	94000644 	bl	403044 <_Z19gauss_pthread_blockPfS_ii>
  401738:	97fffe06 	bl	400f50 <_ZNSt6chrono3_V212system_clock3nowEv@plt>
  40173c:	cb150000 	sub	x0, x0, x21
  401740:	0f00040a 	movi	v10.2s, #0x0
  401744:	9e62000b 	scvtf	d11, x0
  401748:	1e69196b 	fdiv	d11, d11, d9
  40174c:	7100027f 	cmp	w19, #0x0
  401750:	5400018d 	b.le	401780 <main+0x600>
  401754:	f940c3e1 	ldr	x1, [sp, #384]
  401758:	d2800000 	mov	x0, #0x0                   	// #0
  40175c:	d503201f 	nop
  401760:	bc607a80 	ldr	s0, [x20, x0, lsl #2]
  401764:	bc607821 	ldr	s1, [x1, x0, lsl #2]
  401768:	7ea1d400 	fabd	s0, s0, s1
  40176c:	1e2a2010 	fcmpe	s0, s10
  401770:	5400134c 	b.gt	4019d8 <main+0x858>
  401774:	91000400 	add	x0, x0, #0x1
  401778:	6b00027f 	cmp	w19, w0
  40177c:	54ffff2c 	b.gt	401760 <main+0x5e0>
  401780:	1e6b190c 	fdiv	d12, d8, d11
  401784:	d0000001 	adrp	x1, 403000 <_Z20gauss_pthread_cyclicPfS_ii+0x270>
  401788:	aa1603e0 	mov	x0, x22
  40178c:	913fe021 	add	x1, x1, #0xff8
  401790:	d28002a2 	mov	x2, #0x15                  	// #21
  401794:	97fffe2b 	bl	401040 <_ZSt16__ostream_insertIcSt11char_traitsIcEERSt13basic_ostreamIT_T0_ES6_PKS3_l@plt>
  401798:	1e604160 	fmov	d0, d11
  40179c:	aa1603e0 	mov	x0, x22
  4017a0:	97fffe48 	bl	4010c0 <_ZNSo9_M_insertIdEERSoT_@plt>
  4017a4:	f94053e1 	ldr	x1, [sp, #160]
  4017a8:	aa0003f5 	mov	x21, x0
  4017ac:	d28001a2 	mov	x2, #0xd                   	// #13
  4017b0:	97fffe24 	bl	401040 <_ZSt16__ostream_insertIcSt11char_traitsIcEERSt13basic_ostreamIT_T0_ES6_PKS3_l@plt>
  4017b4:	f94002a1 	ldr	x1, [x21]
  4017b8:	aa1503e0 	mov	x0, x21
  4017bc:	12802082 	mov	w2, #0xfffffefb            	// #-261
  4017c0:	1e22c140 	fcvt	d0, s10
  4017c4:	f85e8021 	ldur	x1, [x1, #-24]
  4017c8:	8b0102b5 	add	x21, x21, x1
  4017cc:	b9401aa1 	ldr	w1, [x21, #24]
  4017d0:	0a020021 	and	w1, w1, w2
  4017d4:	32180021 	orr	w1, w1, #0x100
  4017d8:	b9001aa1 	str	w1, [x21, #24]
  4017dc:	97fffe39 	bl	4010c0 <_ZNSo9_M_insertIdEERSoT_@plt>
  4017e0:	aa0003f5 	mov	x21, x0
  4017e4:	aa1a03e1 	mov	x1, x26
  4017e8:	d2800182 	mov	x2, #0xc                   	// #12
  4017ec:	97fffe15 	bl	401040 <_ZSt16__ostream_insertIcSt11char_traitsIcEERSt13basic_ostreamIT_T0_ES6_PKS3_l@plt>
  4017f0:	f94002a1 	ldr	x1, [x21]
  4017f4:	aa1503e0 	mov	x0, x21
  4017f8:	12802082 	mov	w2, #0xfffffefb            	// #-261
  4017fc:	1e604180 	fmov	d0, d12
  401800:	d2800043 	mov	x3, #0x2                   	// #2
  401804:	f85e8021 	ldur	x1, [x1, #-24]
  401808:	8b0102b5 	add	x21, x21, x1
  40180c:	b9401aa1 	ldr	w1, [x21, #24]
  401810:	f90006a3 	str	x3, [x21, #8]
  401814:	0a020021 	and	w1, w1, w2
  401818:	321e0021 	orr	w1, w1, #0x4
  40181c:	b9001aa1 	str	w1, [x21, #24]
  401820:	97fffe28 	bl	4010c0 <_ZNSo9_M_insertIdEERSoT_@plt>
  401824:	aa1903e1 	mov	x1, x25
  401828:	d2800042 	mov	x2, #0x2                   	// #2
  40182c:	97fffe05 	bl	401040 <_ZSt16__ostream_insertIcSt11char_traitsIcEERSt13basic_ostreamIT_T0_ES6_PKS3_l@plt>
  401830:	aa1b03e0 	mov	x0, x27
  401834:	97fffddb 	bl	400fa0 <free@plt>
  401838:	aa1403e0 	mov	x0, x20
  40183c:	97fffdd9 	bl	400fa0 <free@plt>
  401840:	aa1703e1 	mov	x1, x23
  401844:	d2800800 	mov	x0, #0x40                  	// #64
  401848:	97fffdca 	bl	400f70 <aligned_alloc@plt>
  40184c:	aa0003f5 	mov	x21, x0
  401850:	aa1803e1 	mov	x1, x24
  401854:	d2800800 	mov	x0, #0x40                  	// #64
  401858:	97fffdc6 	bl	400f70 <aligned_alloc@plt>
  40185c:	aa0003f4 	mov	x20, x0
  401860:	f940bbe1 	ldr	x1, [sp, #368]
  401864:	aa1703e2 	mov	x2, x23
  401868:	aa1503e0 	mov	x0, x21
  40186c:	97fffdbd 	bl	400f60 <memcpy@plt>
  401870:	f940bfe1 	ldr	x1, [sp, #376]
  401874:	aa1803e2 	mov	x2, x24
  401878:	aa1403e0 	mov	x0, x20
  40187c:	97fffdb9 	bl	400f60 <memcpy@plt>
  401880:	97fffdb4 	bl	400f50 <_ZNSt6chrono3_V212system_clock3nowEv@plt>
  401884:	aa0003fb 	mov	x27, x0
  401888:	7100079f 	cmp	w28, #0x1
  40188c:	54000aed 	b.le	4019e8 <main+0x868>
  401890:	2a1c03e0 	mov	w0, w28
  401894:	97fffde3 	bl	401020 <omp_set_num_threads@plt>
  401898:	910563e1 	add	x1, sp, #0x158
  40189c:	52800003 	mov	w3, #0x0                   	// #0
  4018a0:	b0000000 	adrp	x0, 402000 <_Z21pthread_worker_cyclicPv+0x230>
  4018a4:	52800002 	mov	w2, #0x0                   	// #0
  4018a8:	9117d000 	add	x0, x0, #0x5f4
  4018ac:	a915d3f5 	stp	x21, x20, [sp, #344]
  4018b0:	b9016bf3 	str	w19, [sp, #360]
  4018b4:	97fffdf3 	bl	401080 <GOMP_parallel@plt>
  4018b8:	b940fbe0 	ldr	w0, [sp, #248]
  4018bc:	37f809e0 	tbnz	w0, #31, 4019f8 <main+0x878>
  4018c0:	a94d03ea 	ldp	x10, x0, [sp, #208]
  4018c4:	2a1303e4 	mov	w4, w19
  4018c8:	b940ffe6 	ldr	w6, [sp, #252]
  4018cc:	52800005 	mov	w5, #0x0                   	// #0
  4018d0:	f94073eb 	ldr	x11, [sp, #224]
  4018d4:	8b0002a7 	add	x7, x21, x0
  4018d8:	f9407be0 	ldr	x0, [sp, #240]
  4018dc:	8b0002a3 	add	x3, x21, x0
  4018e0:	f94077e0 	ldr	x0, [sp, #232]
  4018e4:	8b000282 	add	x2, x20, x0
  4018e8:	2a0403e0 	mov	w0, w4
  4018ec:	bc5fc040 	ldur	s0, [x2, #-4]
  4018f0:	6b04027f 	cmp	w19, w4
  4018f4:	540005ad 	b.le	4019a8 <main+0x828>
  4018f8:	510004a1 	sub	w1, w5, #0x1
  4018fc:	7100083f 	cmp	w1, #0x2
  401900:	540002c9 	b.ls	401958 <main+0x7d8>  // b.plast
  401904:	53027ca1 	lsr	w1, w5, #2
  401908:	d2800000 	mov	x0, #0x0                   	// #0
  40190c:	d37cec21 	lsl	x1, x1, #4
  401910:	3ce06861 	ldr	q1, [x3, x0]
  401914:	3ce06842 	ldr	q2, [x2, x0]
  401918:	91004000 	add	x0, x0, #0x10
  40191c:	6e21dc42 	fmul	v2.4s, v2.4s, v1.4s
  401920:	5e040441 	mov	s1, v2.s[0]
  401924:	5e0c0444 	mov	s4, v2.s[1]
  401928:	5e140443 	mov	s3, v2.s[2]
  40192c:	5e1c0442 	mov	s2, v2.s[3]
  401930:	1e213800 	fsub	s0, s0, s1
  401934:	1e243800 	fsub	s0, s0, s4
  401938:	1e233800 	fsub	s0, s0, s3
  40193c:	1e223800 	fsub	s0, s0, s2
  401940:	eb01001f 	cmp	x0, x1
  401944:	54fffe61 	b.ne	401910 <main+0x790>  // b.any
  401948:	121e74a1 	and	w1, w5, #0xfffffffc
  40194c:	0b010080 	add	w0, w4, w1
  401950:	6b05003f 	cmp	w1, w5
  401954:	540002a0 	b.eq	4019a8 <main+0x828>  // b.none
  401958:	0b060009 	add	w9, w0, w6
  40195c:	bc60da81 	ldr	s1, [x20, w0, sxtw #2]
  401960:	11000401 	add	w1, w0, #0x1
  401964:	937e7c08 	sbfiz	x8, x0, #2, #32
  401968:	bc69daa2 	ldr	s2, [x21, w9, sxtw #2]
  40196c:	1f018040 	fmsub	s0, s2, s1, s0
  401970:	6b01027f 	cmp	w19, w1
  401974:	540001ad 	b.le	4019a8 <main+0x828>
  401978:	0b060021 	add	w1, w1, w6
  40197c:	8b080288 	add	x8, x20, x8
  401980:	11000800 	add	w0, w0, #0x2
  401984:	bc61daa2 	ldr	s2, [x21, w1, sxtw #2]
  401988:	bd400501 	ldr	s1, [x8, #4]
  40198c:	1f018040 	fmsub	s0, s2, s1, s0
  401990:	6b00027f 	cmp	w19, w0
  401994:	540000ad 	b.le	4019a8 <main+0x828>
  401998:	0b060000 	add	w0, w0, w6
  40199c:	bd400902 	ldr	s2, [x8, #8]
  4019a0:	bc60daa1 	ldr	s1, [x21, w0, sxtw #2]
  4019a4:	1f018040 	fmsub	s0, s2, s1, s0
  4019a8:	bd4000e1 	ldr	s1, [x7]
  4019ac:	110004a5 	add	w5, w5, #0x1
  4019b0:	4b1300c6 	sub	w6, w6, w19
  4019b4:	8b0a0063 	add	x3, x3, x10
  4019b8:	51000480 	sub	w0, w4, #0x1
  4019bc:	8b0b00e7 	add	x7, x7, x11
  4019c0:	1e211800 	fdiv	s0, s0, s1
  4019c4:	bc1fcc40 	str	s0, [x2, #-4]!
  4019c8:	7100089f 	cmp	w4, #0x2
  4019cc:	54000164 	b.mi	4019f8 <main+0x878>  // b.first
  4019d0:	2a0003e4 	mov	w4, w0
  4019d4:	17ffffc5 	b	4018e8 <main+0x768>
  4019d8:	1e20400a 	fmov	s10, s0
  4019dc:	17ffff66 	b	401774 <main+0x5f4>
  4019e0:	1e20400a 	fmov	s10, s0
  4019e4:	17ffff08 	b	401604 <main+0x484>
  4019e8:	2a1303e2 	mov	w2, w19
  4019ec:	aa1403e1 	mov	x1, x20
  4019f0:	aa1503e0 	mov	x0, x21
  4019f4:	94000404 	bl	402a04 <_Z12gauss_serialPfS_i>
  4019f8:	97fffd56 	bl	400f50 <_ZNSt6chrono3_V212system_clock3nowEv@plt>
  4019fc:	cb1b0000 	sub	x0, x0, x27
  401a00:	0f00040a 	movi	v10.2s, #0x0
  401a04:	9e62000b 	scvtf	d11, x0
  401a08:	1e69196b 	fdiv	d11, d11, d9
  401a0c:	7100027f 	cmp	w19, #0x0
  401a10:	5400018d 	b.le	401a40 <main+0x8c0>
  401a14:	f940c3e1 	ldr	x1, [sp, #384]
  401a18:	d2800000 	mov	x0, #0x0                   	// #0
  401a1c:	d503201f 	nop
  401a20:	bc607a80 	ldr	s0, [x20, x0, lsl #2]
  401a24:	bc607821 	ldr	s1, [x1, x0, lsl #2]
  401a28:	7ea1d400 	fabd	s0, s0, s1
  401a2c:	1e2a2010 	fcmpe	s0, s10
  401a30:	54000ccc 	b.gt	401bc8 <main+0xa48>
  401a34:	91000400 	add	x0, x0, #0x1
  401a38:	6b00027f 	cmp	w19, w0
  401a3c:	54ffff2c 	b.gt	401a20 <main+0x8a0>
  401a40:	1e6b190c 	fdiv	d12, d8, d11
  401a44:	f0000001 	adrp	x1, 404000 <_IO_stdin_used+0x200>
  401a48:	aa1603e0 	mov	x0, x22
  401a4c:	91004021 	add	x1, x1, #0x10
  401a50:	d28002a2 	mov	x2, #0x15                  	// #21
  401a54:	97fffd7b 	bl	401040 <_ZSt16__ostream_insertIcSt11char_traitsIcEERSt13basic_ostreamIT_T0_ES6_PKS3_l@plt>
  401a58:	1e604160 	fmov	d0, d11
  401a5c:	aa1603e0 	mov	x0, x22
  401a60:	97fffd98 	bl	4010c0 <_ZNSo9_M_insertIdEERSoT_@plt>
  401a64:	f94053e1 	ldr	x1, [sp, #160]
  401a68:	aa0003fb 	mov	x27, x0
  401a6c:	d28001a2 	mov	x2, #0xd                   	// #13
  401a70:	97fffd74 	bl	401040 <_ZSt16__ostream_insertIcSt11char_traitsIcEERSt13basic_ostreamIT_T0_ES6_PKS3_l@plt>
  401a74:	f9400361 	ldr	x1, [x27]
  401a78:	aa1b03e0 	mov	x0, x27
  401a7c:	12802082 	mov	w2, #0xfffffefb            	// #-261
  401a80:	1e22c140 	fcvt	d0, s10
  401a84:	f85e8021 	ldur	x1, [x1, #-24]
  401a88:	8b01037b 	add	x27, x27, x1
  401a8c:	b9401b61 	ldr	w1, [x27, #24]
  401a90:	0a020021 	and	w1, w1, w2
  401a94:	32180021 	orr	w1, w1, #0x100
  401a98:	b9001b61 	str	w1, [x27, #24]
  401a9c:	97fffd89 	bl	4010c0 <_ZNSo9_M_insertIdEERSoT_@plt>
  401aa0:	aa1a03e1 	mov	x1, x26
  401aa4:	d2800182 	mov	x2, #0xc                   	// #12
  401aa8:	aa0003fa 	mov	x26, x0
  401aac:	97fffd65 	bl	401040 <_ZSt16__ostream_insertIcSt11char_traitsIcEERSt13basic_ostreamIT_T0_ES6_PKS3_l@plt>
  401ab0:	f9400341 	ldr	x1, [x26]
  401ab4:	aa1a03e0 	mov	x0, x26
  401ab8:	12802082 	mov	w2, #0xfffffefb            	// #-261
  401abc:	1e604180 	fmov	d0, d12
  401ac0:	d2800043 	mov	x3, #0x2                   	// #2
  401ac4:	f85e8021 	ldur	x1, [x1, #-24]
  401ac8:	8b01035a 	add	x26, x26, x1
  401acc:	b9401b41 	ldr	w1, [x26, #24]
  401ad0:	f9000743 	str	x3, [x26, #8]
  401ad4:	0a020021 	and	w1, w1, w2
  401ad8:	321e0021 	orr	w1, w1, #0x4
  401adc:	b9001b41 	str	w1, [x26, #24]
  401ae0:	97fffd78 	bl	4010c0 <_ZNSo9_M_insertIdEERSoT_@plt>
  401ae4:	aa1903e1 	mov	x1, x25
  401ae8:	d2800042 	mov	x2, #0x2                   	// #2
  401aec:	97fffd55 	bl	401040 <_ZSt16__ostream_insertIcSt11char_traitsIcEERSt13basic_ostreamIT_T0_ES6_PKS3_l@plt>
  401af0:	aa1503e0 	mov	x0, x21
  401af4:	97fffd2b 	bl	400fa0 <free@plt>
  401af8:	aa1403e0 	mov	x0, x20
  401afc:	97fffd29 	bl	400fa0 <free@plt>
  401b00:	f9405be1 	ldr	x1, [sp, #176]
  401b04:	aa1603e0 	mov	x0, x22
  401b08:	d2800022 	mov	x2, #0x1                   	// #1
  401b0c:	97fffd4d 	bl	401040 <_ZSt16__ostream_insertIcSt11char_traitsIcEERSt13basic_ostreamIT_T0_ES6_PKS3_l@plt>
  401b10:	f9404fe0 	ldr	x0, [sp, #152]
  401b14:	f94057e1 	ldr	x1, [sp, #168]
  401b18:	91001000 	add	x0, x0, #0x4
  401b1c:	f9004fe0 	str	x0, [sp, #152]
  401b20:	eb00003f 	cmp	x1, x0
  401b24:	54ffd0e1 	b.ne	401540 <main+0x3c0>  // b.any
  401b28:	f940bbe0 	ldr	x0, [sp, #368]
  401b2c:	97fffd1d 	bl	400fa0 <free@plt>
  401b30:	f940bfe0 	ldr	x0, [sp, #376]
  401b34:	97fffd1b 	bl	400fa0 <free@plt>
  401b38:	f9408be1 	ldr	x1, [sp, #272]
  401b3c:	aa1603e0 	mov	x0, x22
  401b40:	d28007c2 	mov	x2, #0x3e                  	// #62
  401b44:	97fffd3f 	bl	401040 <_ZSt16__ostream_insertIcSt11char_traitsIcEERSt13basic_ostreamIT_T0_ES6_PKS3_l@plt>
  401b48:	f940c3e0 	ldr	x0, [sp, #384]
  401b4c:	b4000460 	cbz	x0, 401bd8 <main+0xa58>
  401b50:	f94083e2 	ldr	x2, [sp, #256]
  401b54:	f940cbe1 	ldr	x1, [sp, #400]
  401b58:	91001053 	add	x19, x2, #0x4
  401b5c:	f90083f3 	str	x19, [sp, #256]
  401b60:	cb000021 	sub	x1, x1, x0
  401b64:	97fffd27 	bl	401000 <_ZdlPvm@plt>
  401b68:	f94087e0 	ldr	x0, [sp, #264]
  401b6c:	eb13001f 	cmp	x0, x19
  401b70:	54ffbd41 	b.ne	401318 <main+0x198>  // b.any
  401b74:	f940a3e0 	ldr	x0, [sp, #320]
  401b78:	b4000080 	cbz	x0, 401b88 <main+0xa08>
  401b7c:	f940abe1 	ldr	x1, [sp, #336]
  401b80:	cb000021 	sub	x1, x1, x0
  401b84:	97fffd1f 	bl	401000 <_ZdlPvm@plt>
  401b88:	f94097e0 	ldr	x0, [sp, #296]
  401b8c:	b4000080 	cbz	x0, 401b9c <main+0xa1c>
  401b90:	f9409fe1 	ldr	x1, [sp, #312]
  401b94:	cb000021 	sub	x1, x1, x0
  401b98:	97fffd1a 	bl	401000 <_ZdlPvm@plt>
  401b9c:	52800000 	mov	w0, #0x0                   	// #0
  401ba0:	fd4043ec 	ldr	d12, [sp, #128]
  401ba4:	a94153f3 	ldp	x19, x20, [sp, #16]
  401ba8:	a9425bf5 	ldp	x21, x22, [sp, #32]
  401bac:	a94363f7 	ldp	x23, x24, [sp, #48]
  401bb0:	a9446bf9 	ldp	x25, x26, [sp, #64]
  401bb4:	a94573fb 	ldp	x27, x28, [sp, #80]
  401bb8:	6d4627e8 	ldp	d8, d9, [sp, #96]
  401bbc:	6d472fea 	ldp	d10, d11, [sp, #112]
  401bc0:	a8da7bfd 	ldp	x29, x30, [sp], #416
  401bc4:	d65f03c0 	ret
  401bc8:	1e20400a 	fmov	s10, s0
  401bcc:	17ffff9a 	b	401a34 <main+0x8b4>
  401bd0:	1e20400a 	fmov	s10, s0
  401bd4:	17fffe10 	b	401414 <main+0x294>
  401bd8:	a95007e0 	ldp	x0, x1, [sp, #256]
  401bdc:	91001000 	add	x0, x0, #0x4
  401be0:	f90083e0 	str	x0, [sp, #256]
  401be4:	eb00003f 	cmp	x1, x0
  401be8:	54ffb981 	b.ne	401318 <main+0x198>  // b.any
  401bec:	17ffffe2 	b	401b74 <main+0x9f4>
  401bf0:	aa0003f3 	mov	x19, x0
  401bf4:	f940a3e0 	ldr	x0, [sp, #320]
  401bf8:	f940abe1 	ldr	x1, [sp, #336]
  401bfc:	cb000021 	sub	x1, x1, x0
  401c00:	b4000040 	cbz	x0, 401c08 <main+0xa88>
  401c04:	97fffcff 	bl	401000 <_ZdlPvm@plt>
  401c08:	f94097e0 	ldr	x0, [sp, #296]
  401c0c:	f9409fe1 	ldr	x1, [sp, #312]
  401c10:	cb000021 	sub	x1, x1, x0
  401c14:	b4000040 	cbz	x0, 401c1c <main+0xa9c>
  401c18:	97fffcfa 	bl	401000 <_ZdlPvm@plt>
  401c1c:	aa1303e0 	mov	x0, x19
  401c20:	97fffd3c 	bl	401110 <_Unwind_Resume@plt>
  401c24:	aa0003f3 	mov	x19, x0
  401c28:	17fffff8 	b	401c08 <main+0xa88>
  401c2c:	f940c3e2 	ldr	x2, [sp, #384]
  401c30:	aa0003f3 	mov	x19, x0
  401c34:	f940cbe1 	ldr	x1, [sp, #400]
  401c38:	cb020021 	sub	x1, x1, x2
  401c3c:	b4fffdc2 	cbz	x2, 401bf4 <main+0xa74>
  401c40:	aa0203e0 	mov	x0, x2
  401c44:	97fffcef 	bl	401000 <_ZdlPvm@plt>
  401c48:	17ffffeb 	b	401bf4 <main+0xa74>
  401c4c:	d503201f 	nop

0000000000401c50 <_GLOBAL__sub_I__Z17back_substitutionPfS_i>:
  401c50:	a9be7bfd 	stp	x29, x30, [sp, #-32]!
  401c54:	910003fd 	mov	x29, sp
  401c58:	f9000bf3 	str	x19, [sp, #16]
  401c5c:	f00000f3 	adrp	x19, 420000 <_ZNSt6chrono3_V212system_clock3nowEv@GLIBCXX_3.4.19>
  401c60:	91092273 	add	x19, x19, #0x248
  401c64:	91018273 	add	x19, x19, #0x60
  401c68:	aa1303e0 	mov	x0, x19
  401c6c:	97fffd09 	bl	401090 <_ZNSt8ios_base4InitC1Ev@plt>
  401c70:	aa1303e1 	mov	x1, x19
  401c74:	f00000e2 	adrp	x2, 420000 <_ZNSt6chrono3_V212system_clock3nowEv@GLIBCXX_3.4.19>
  401c78:	f9400bf3 	ldr	x19, [sp, #16]
  401c7c:	91046042 	add	x2, x2, #0x118
  401c80:	a8c27bfd 	ldp	x29, x30, [sp], #32
  401c84:	90000000 	adrp	x0, 401000 <_ZdlPvm@plt>
  401c88:	91058000 	add	x0, x0, #0x160
  401c8c:	17fffce9 	b	401030 <__cxa_atexit@plt>
  401c90:	d503201f 	nop
  401c94:	d503201f 	nop
  401c98:	d503201f 	nop
  401c9c:	d503201f 	nop
  401ca0:	d503201f 	nop
  401ca4:	d503201f 	nop
  401ca8:	d503201f 	nop
  401cac:	d503201f 	nop
  401cb0:	d503201f 	nop
  401cb4:	d503201f 	nop
  401cb8:	d503201f 	nop
  401cbc:	d503201f 	nop

0000000000401cc0 <_start>:
  401cc0:	d503201f 	nop
  401cc4:	d280001d 	mov	x29, #0x0                   	// #0
  401cc8:	d280001e 	mov	x30, #0x0                   	// #0
  401ccc:	aa0003e5 	mov	x5, x0
  401cd0:	f94003e1 	ldr	x1, [sp]
  401cd4:	910023e2 	add	x2, sp, #0x8
  401cd8:	910003e6 	mov	x6, sp
  401cdc:	90000000 	adrp	x0, 401000 <_ZdlPvm@plt>
  401ce0:	9133d000 	add	x0, x0, #0xcf4
  401ce4:	d2800003 	mov	x3, #0x0                   	// #0
  401ce8:	d2800004 	mov	x4, #0x0                   	// #0
  401cec:	97fffcb5 	bl	400fc0 <__libc_start_main@plt>
  401cf0:	97fffcf0 	bl	4010b0 <abort@plt>

0000000000401cf4 <__wrap_main>:
  401cf4:	d503201f 	nop
  401cf8:	17fffd22 	b	401180 <main>
  401cfc:	d503201f 	nop

0000000000401d00 <_dl_relocate_static_pie>:
  401d00:	d65f03c0 	ret

0000000000401d04 <call_weak_fn>:
  401d04:	d00000e0 	adrp	x0, 41f000 <__FRAME_END__+0x1a8c0>
  401d08:	f947ec00 	ldr	x0, [x0, #4056]
  401d0c:	b4000040 	cbz	x0, 401d14 <call_weak_fn+0x10>
  401d10:	17fffd10 	b	401150 <__gmon_start__@plt>
  401d14:	d65f03c0 	ret
  401d18:	d503201f 	nop
  401d1c:	d503201f 	nop

0000000000401d20 <deregister_tm_clones>:
  401d20:	f00000e0 	adrp	x0, 420000 <_ZNSt6chrono3_V212system_clock3nowEv@GLIBCXX_3.4.19>
  401d24:	9104a000 	add	x0, x0, #0x128
  401d28:	f00000e1 	adrp	x1, 420000 <_ZNSt6chrono3_V212system_clock3nowEv@GLIBCXX_3.4.19>
  401d2c:	9104a021 	add	x1, x1, #0x128
  401d30:	eb00003f 	cmp	x1, x0
  401d34:	540000c0 	b.eq	401d4c <deregister_tm_clones+0x2c>  // b.none
  401d38:	d00000e1 	adrp	x1, 41f000 <__FRAME_END__+0x1a8c0>
  401d3c:	f947e821 	ldr	x1, [x1, #4048]
  401d40:	b4000061 	cbz	x1, 401d4c <deregister_tm_clones+0x2c>
  401d44:	aa0103f0 	mov	x16, x1
  401d48:	d61f0200 	br	x16
  401d4c:	d65f03c0 	ret

0000000000401d50 <register_tm_clones>:
  401d50:	f00000e0 	adrp	x0, 420000 <_ZNSt6chrono3_V212system_clock3nowEv@GLIBCXX_3.4.19>
  401d54:	9104a000 	add	x0, x0, #0x128
  401d58:	f00000e1 	adrp	x1, 420000 <_ZNSt6chrono3_V212system_clock3nowEv@GLIBCXX_3.4.19>
  401d5c:	9104a021 	add	x1, x1, #0x128
  401d60:	cb000021 	sub	x1, x1, x0
  401d64:	d37ffc22 	lsr	x2, x1, #63
  401d68:	8b810c41 	add	x1, x2, x1, asr #3
  401d6c:	9341fc21 	asr	x1, x1, #1
  401d70:	b40000c1 	cbz	x1, 401d88 <register_tm_clones+0x38>
  401d74:	d00000e2 	adrp	x2, 41f000 <__FRAME_END__+0x1a8c0>
  401d78:	f947f042 	ldr	x2, [x2, #4064]
  401d7c:	b4000062 	cbz	x2, 401d88 <register_tm_clones+0x38>
  401d80:	aa0203f0 	mov	x16, x2
  401d84:	d61f0200 	br	x16
  401d88:	d65f03c0 	ret
  401d8c:	d503201f 	nop

0000000000401d90 <__do_global_dtors_aux>:
  401d90:	a9be7bfd 	stp	x29, x30, [sp, #-32]!
  401d94:	910003fd 	mov	x29, sp
  401d98:	f9000bf3 	str	x19, [sp, #16]
  401d9c:	f00000f3 	adrp	x19, 420000 <_ZNSt6chrono3_V212system_clock3nowEv@GLIBCXX_3.4.19>
  401da0:	39490260 	ldrb	w0, [x19, #576]
  401da4:	35000080 	cbnz	w0, 401db4 <__do_global_dtors_aux+0x24>
  401da8:	97ffffde 	bl	401d20 <deregister_tm_clones>
  401dac:	52800020 	mov	w0, #0x1                   	// #1
  401db0:	39090260 	strb	w0, [x19, #576]
  401db4:	f9400bf3 	ldr	x19, [sp, #16]
  401db8:	a8c27bfd 	ldp	x29, x30, [sp], #32
  401dbc:	d65f03c0 	ret

0000000000401dc0 <frame_dummy>:
  401dc0:	17ffffe4 	b	401d50 <register_tm_clones>
  401dc4:	d503201f 	nop
  401dc8:	d503201f 	nop
  401dcc:	d503201f 	nop

0000000000401dd0 <_Z21pthread_worker_cyclicPv>:
  401dd0:	a9ba7bfd 	stp	x29, x30, [sp, #-96]!
  401dd4:	910003fd 	mov	x29, sp
  401dd8:	a90153f3 	stp	x19, x20, [sp, #16]
  401ddc:	f00000f4 	adrp	x20, 420000 <_ZNSt6chrono3_V212system_clock3nowEv@GLIBCXX_3.4.19>
  401de0:	b9424a81 	ldr	w1, [x20, #584]
  401de4:	a9025bf5 	stp	x21, x22, [sp, #32]
  401de8:	b9400016 	ldr	w22, [x0]
  401dec:	7100003f 	cmp	w1, #0x0
  401df0:	54001c6d 	b.le	40217c <_Z21pthread_worker_cyclicPv+0x3ac>
  401df4:	91092294 	add	x20, x20, #0x248
  401df8:	110006d6 	add	w22, w22, #0x1
  401dfc:	91004293 	add	x19, x20, #0x10
  401e00:	d280000b 	mov	x11, #0x0                   	// #0
  401e04:	52800015 	mov	w21, #0x0                   	// #0
  401e08:	a90363f7 	stp	x23, x24, [sp, #48]
  401e0c:	d503201f 	nop
  401e10:	1b155420 	madd	w0, w1, w21, w21
  401e14:	f9400684 	ldr	x4, [x20, #8]
  401e18:	2a1503e8 	mov	w8, w21
  401e1c:	2a1603e6 	mov	w6, w22
  401e20:	d37ef569 	lsl	x9, x11, #2
  401e24:	51000c25 	sub	w5, w1, #0x3
  401e28:	110006b5 	add	w21, w21, #0x1
  401e2c:	bc60d884 	ldr	s4, [x4, w0, sxtw #2]
  401e30:	6b0102df 	cmp	w22, w1
  401e34:	5400192a 	b.ge	402158 <_Z21pthread_worker_cyclicPv+0x388>  // b.tcont
  401e38:	1b067c22 	mul	w2, w1, w6
  401e3c:	2a0503ea 	mov	w10, w5
  401e40:	2a1503e0 	mov	w0, w21
  401e44:	0b080043 	add	w3, w2, w8
  401e48:	bc63d883 	ldr	s3, [x4, w3, sxtw #2]
  401e4c:	1e241863 	fdiv	s3, s3, s4
  401e50:	4e040462 	dup	v2.4s, v3.s[0]
  401e54:	6b0502bf 	cmp	w21, w5
  401e58:	540002aa 	b.ge	401eac <_Z21pthread_worker_cyclicPv+0xdc>  // b.tcont
  401e5c:	d503201f 	nop
  401e60:	b9400281 	ldr	w1, [x20]
  401e64:	0b000042 	add	w2, w2, w0
  401e68:	f9400685 	ldr	x5, [x20, #8]
  401e6c:	937e7c43 	sbfiz	x3, x2, #2, #32
  401e70:	1b010102 	madd	w2, w8, w1, w0
  401e74:	3ce36880 	ldr	q0, [x4, x3]
  401e78:	1b0100c1 	madd	w1, w6, w1, w0
  401e7c:	937e7c42 	sbfiz	x2, x2, #2, #32
  401e80:	11001000 	add	w0, w0, #0x4
  401e84:	937e7c21 	sbfiz	x1, x1, #2, #32
  401e88:	3ce268a1 	ldr	q1, [x5, x2]
  401e8c:	4ea1cc40 	fmls	v0.4s, v2.4s, v1.4s
  401e90:	3ca168a0 	str	q0, [x5, x1]
  401e94:	b9400281 	ldr	w1, [x20]
  401e98:	f9400684 	ldr	x4, [x20, #8]
  401e9c:	51000c25 	sub	w5, w1, #0x3
  401ea0:	1b067c22 	mul	w2, w1, w6
  401ea4:	6b0000bf 	cmp	w5, w0
  401ea8:	54fffdcc 	b.gt	401e60 <_Z21pthread_worker_cyclicPv+0x90>
  401eac:	6b00003f 	cmp	w1, w0
  401eb0:	5400078d 	b.le	401fa0 <_Z21pthread_worker_cyclicPv+0x1d0>
  401eb4:	1b087c2e 	mul	w14, w1, w8
  401eb8:	4b00002f 	sub	w15, w1, w0
  401ebc:	93407c03 	sxtw	x3, w0
  401ec0:	510005ec 	sub	w12, w15, #0x1
  401ec4:	71000d9f 	cmp	w12, #0x3
  401ec8:	93407c4d 	sxtw	x13, w2
  401ecc:	93407dd0 	sxtw	x16, w14
  401ed0:	8b0301a7 	add	x7, x13, x3
  401ed4:	8b03020c 	add	x12, x16, x3
  401ed8:	9100058c 	add	x12, x12, #0x1
  401edc:	d37ef4e7 	lsl	x7, x7, #2
  401ee0:	d37ef58c 	lsl	x12, x12, #2
  401ee4:	cb0c00f1 	sub	x17, x7, x12
  401ee8:	fa488a20 	ccmp	x17, #0x8, #0x0, hi  // hi = pmore
  401eec:	54001209 	b.ls	40212c <_Z21pthread_worker_cyclicPv+0x35c>  // b.plast
  401ef0:	53027ded 	lsr	w13, w15, #2
  401ef4:	d100118c 	sub	x12, x12, #0x4
  401ef8:	8b0c008c 	add	x12, x4, x12
  401efc:	8b070087 	add	x7, x4, x7
  401f00:	d37cedad 	lsl	x13, x13, #4
  401f04:	d2800003 	mov	x3, #0x0                   	// #0
  401f08:	3ce36981 	ldr	q1, [x12, x3]
  401f0c:	3ce368e0 	ldr	q0, [x7, x3]
  401f10:	4ea1cc40 	fmls	v0.4s, v2.4s, v1.4s
  401f14:	3ca368e0 	str	q0, [x7, x3]
  401f18:	91004063 	add	x3, x3, #0x10
  401f1c:	eb0d007f 	cmp	x3, x13
  401f20:	54ffff41 	b.ne	401f08 <_Z21pthread_worker_cyclicPv+0x138>  // b.any
  401f24:	121e75e3 	and	w3, w15, #0xfffffffc
  401f28:	0b000060 	add	w0, w3, w0
  401f2c:	6b0301ff 	cmp	w15, w3
  401f30:	54000380 	b.eq	401fa0 <_Z21pthread_worker_cyclicPv+0x1d0>  // b.none
  401f34:	0b000043 	add	w3, w2, w0
  401f38:	0b0001cc 	add	w12, w14, w0
  401f3c:	11000407 	add	w7, w0, #0x1
  401f40:	93407c63 	sxtw	x3, w3
  401f44:	bc6cd881 	ldr	s1, [x4, w12, sxtw #2]
  401f48:	bc637880 	ldr	s0, [x4, x3, lsl #2]
  401f4c:	1f018060 	fmsub	s0, s3, s1, s0
  401f50:	bc237880 	str	s0, [x4, x3, lsl #2]
  401f54:	6b07003f 	cmp	w1, w7
  401f58:	5400024d 	b.le	401fa0 <_Z21pthread_worker_cyclicPv+0x1d0>
  401f5c:	0b070043 	add	w3, w2, w7
  401f60:	0b0701c7 	add	w7, w14, w7
  401f64:	11000800 	add	w0, w0, #0x2
  401f68:	93407c63 	sxtw	x3, w3
  401f6c:	bc67d881 	ldr	s1, [x4, w7, sxtw #2]
  401f70:	bc637880 	ldr	s0, [x4, x3, lsl #2]
  401f74:	1f018060 	fmsub	s0, s3, s1, s0
  401f78:	bc237880 	str	s0, [x4, x3, lsl #2]
  401f7c:	6b00003f 	cmp	w1, w0
  401f80:	5400010d 	b.le	401fa0 <_Z21pthread_worker_cyclicPv+0x1d0>
  401f84:	0b0001ce 	add	w14, w14, w0
  401f88:	0b000040 	add	w0, w2, w0
  401f8c:	93407c00 	sxtw	x0, w0
  401f90:	bc6ed881 	ldr	s1, [x4, w14, sxtw #2]
  401f94:	bc607880 	ldr	s0, [x4, x0, lsl #2]
  401f98:	1f018060 	fmsub	s0, s3, s1, s0
  401f9c:	bc207880 	str	s0, [x4, x0, lsl #2]
  401fa0:	f9401a80 	ldr	x0, [x20, #48]
  401fa4:	93407cc3 	sxtw	x3, w6
  401fa8:	0b020102 	add	w2, w8, w2
  401fac:	b9403a87 	ldr	w7, [x20, #56]
  401fb0:	8b09000c 	add	x12, x0, x9
  401fb4:	bc696801 	ldr	s1, [x0, x9]
  401fb8:	0b0700c6 	add	w6, w6, w7
  401fbc:	bc637800 	ldr	s0, [x0, x3, lsl #2]
  401fc0:	1f038020 	fmsub	s0, s1, s3, s0
  401fc4:	bc237800 	str	s0, [x0, x3, lsl #2]
  401fc8:	b822d89f 	str	wzr, [x4, w2, sxtw #2]
  401fcc:	6b0100df 	cmp	w6, w1
  401fd0:	54000c4a 	b.ge	402158 <_Z21pthread_worker_cyclicPv+0x388>  // b.tcont
  401fd4:	6b0a02bf 	cmp	w21, w10
  401fd8:	54fff30b 	b.lt	401e38 <_Z21pthread_worker_cyclicPv+0x68>  // b.tstop
  401fdc:	1b017d03 	mul	w3, w8, w1
  401fe0:	4b0b0022 	sub	w2, w1, w11
  401fe4:	91000577 	add	x23, x11, #0x1
  401fe8:	51000452 	sub	w18, w2, #0x1
  401fec:	a9046bf9 	stp	x25, x26, [sp, #64]
  401ff0:	121e7659 	and	w25, w18, #0xfffffffc
  401ff4:	8b23c2e9 	add	x9, x23, w3, sxtw
  401ff8:	0b1902aa 	add	w10, w21, w25
  401ffc:	91000529 	add	x9, x9, #0x1
  402000:	11000558 	add	w24, w10, #0x1
  402004:	1100095e 	add	w30, w10, #0x2
  402008:	0b030311 	add	w17, w24, w3
  40200c:	0b0303d0 	add	w16, w30, w3
  402010:	0b03014f 	add	w15, w10, w3
  402014:	d37ef529 	lsl	x9, x9, #2
  402018:	53027e4d 	lsr	w13, w18, #2
  40201c:	d100112e 	sub	x14, x9, #0x4
  402020:	5100084b 	sub	w11, w2, #0x2
  402024:	8b31c891 	add	x17, x4, w17, sxtw #2
  402028:	8b30c890 	add	x16, x4, w16, sxtw #2
  40202c:	8b2fc88f 	add	x15, x4, w15, sxtw #2
  402030:	8b23c883 	add	x3, x4, w3, sxtw #2
  402034:	8b0e008e 	add	x14, x4, x14
  402038:	d37cedad 	lsl	x13, x13, #4
  40203c:	1b067c22 	mul	w2, w1, w6
  402040:	0b08005a 	add	w26, w2, w8
  402044:	bc7ad880 	ldr	s0, [x4, w26, sxtw #2]
  402048:	1e241800 	fdiv	s0, s0, s4
  40204c:	6b0102bf 	cmp	w21, w1
  402050:	5400058a 	b.ge	402100 <_Z21pthread_worker_cyclicPv+0x330>  // b.tcont
  402054:	8b22c2e5 	add	x5, x23, w2, sxtw
  402058:	a90573fb 	stp	x27, x28, [sp, #80]
  40205c:	71000d7f 	cmp	w11, #0x3
  402060:	d37ef4a5 	lsl	x5, x5, #2
  402064:	93407c5b 	sxtw	x27, w2
  402068:	cb0900bc 	sub	x28, x5, x9
  40206c:	fa488b80 	ccmp	x28, #0x8, #0x0, hi  // hi = pmore
  402070:	54000909 	b.ls	402190 <_Z21pthread_worker_cyclicPv+0x3c0>  // b.plast
  402074:	4e040402 	dup	v2.4s, v0.s[0]
  402078:	8b050085 	add	x5, x4, x5
  40207c:	d280001b 	mov	x27, #0x0                   	// #0
  402080:	3cfb69c3 	ldr	q3, [x14, x27]
  402084:	3cfb68a1 	ldr	q1, [x5, x27]
  402088:	4ea2cc61 	fmls	v1.4s, v3.4s, v2.4s
  40208c:	3cbb68a1 	str	q1, [x5, x27]
  402090:	9100437b 	add	x27, x27, #0x10
  402094:	eb1b01bf 	cmp	x13, x27
  402098:	54ffff41 	b.ne	402080 <_Z21pthread_worker_cyclicPv+0x2b0>  // b.any
  40209c:	6b12033f 	cmp	w25, w18
  4020a0:	540008a0 	b.eq	4021b4 <_Z21pthread_worker_cyclicPv+0x3e4>  // b.none
  4020a4:	0b020145 	add	w5, w10, w2
  4020a8:	bd4001e2 	ldr	s2, [x15]
  4020ac:	937e7ca5 	sbfiz	x5, x5, #2, #32
  4020b0:	bc656881 	ldr	s1, [x4, x5]
  4020b4:	1f008441 	fmsub	s1, s2, s0, s1
  4020b8:	bc256881 	str	s1, [x4, x5]
  4020bc:	6b18003f 	cmp	w1, w24
  4020c0:	540007ad 	b.le	4021b4 <_Z21pthread_worker_cyclicPv+0x3e4>
  4020c4:	0b020305 	add	w5, w24, w2
  4020c8:	bd400222 	ldr	s2, [x17]
  4020cc:	937e7ca5 	sbfiz	x5, x5, #2, #32
  4020d0:	bc656881 	ldr	s1, [x4, x5]
  4020d4:	1f008441 	fmsub	s1, s2, s0, s1
  4020d8:	bc256881 	str	s1, [x4, x5]
  4020dc:	6b1e003f 	cmp	w1, w30
  4020e0:	540006ad 	b.le	4021b4 <_Z21pthread_worker_cyclicPv+0x3e4>
  4020e4:	0b1e0042 	add	w2, w2, w30
  4020e8:	bd400202 	ldr	s2, [x16]
  4020ec:	a94573fb 	ldp	x27, x28, [sp, #80]
  4020f0:	937e7c42 	sbfiz	x2, x2, #2, #32
  4020f4:	bc626881 	ldr	s1, [x4, x2]
  4020f8:	1f008441 	fmsub	s1, s2, s0, s1
  4020fc:	bc226881 	str	s1, [x4, x2]
  402100:	937e7cc2 	sbfiz	x2, x6, #2, #32
  402104:	bd400182 	ldr	s2, [x12]
  402108:	0b0700c6 	add	w6, w6, w7
  40210c:	bc626801 	ldr	s1, [x0, x2]
  402110:	1f008440 	fmsub	s0, s2, s0, s1
  402114:	bc226800 	str	s0, [x0, x2]
  402118:	b83ad89f 	str	wzr, [x4, w26, sxtw #2]
  40211c:	6b06003f 	cmp	w1, w6
  402120:	54fff8ec 	b.gt	40203c <_Z21pthread_worker_cyclicPv+0x26c>
  402124:	a9446bf9 	ldp	x25, x26, [sp, #64]
  402128:	1400000d 	b	40215c <_Z21pthread_worker_cyclicPv+0x38c>
  40212c:	8b0d0880 	add	x0, x4, x13, lsl #2
  402130:	8b100890 	add	x16, x4, x16, lsl #2
  402134:	d503201f 	nop
  402138:	bc637a01 	ldr	s1, [x16, x3, lsl #2]
  40213c:	bc637800 	ldr	s0, [x0, x3, lsl #2]
  402140:	1f018060 	fmsub	s0, s3, s1, s0
  402144:	bc237800 	str	s0, [x0, x3, lsl #2]
  402148:	91000463 	add	x3, x3, #0x1
  40214c:	6b03003f 	cmp	w1, w3
  402150:	54ffff4c 	b.gt	402138 <_Z21pthread_worker_cyclicPv+0x368>
  402154:	17ffff93 	b	401fa0 <_Z21pthread_worker_cyclicPv+0x1d0>
  402158:	91000577 	add	x23, x11, #0x1
  40215c:	aa1303e0 	mov	x0, x19
  402160:	97fffbbc 	bl	401050 <pthread_barrier_wait@plt>
  402164:	b9400281 	ldr	w1, [x20]
  402168:	110006d6 	add	w22, w22, #0x1
  40216c:	aa1703eb 	mov	x11, x23
  402170:	6b15003f 	cmp	w1, w21
  402174:	54ffe4ec 	b.gt	401e10 <_Z21pthread_worker_cyclicPv+0x40>
  402178:	a94363f7 	ldp	x23, x24, [sp, #48]
  40217c:	d2800000 	mov	x0, #0x0                   	// #0
  402180:	a94153f3 	ldp	x19, x20, [sp, #16]
  402184:	a9425bf5 	ldp	x21, x22, [sp, #32]
  402188:	a8c67bfd 	ldp	x29, x30, [sp], #96
  40218c:	d65f03c0 	ret
  402190:	8b1b089b 	add	x27, x4, x27, lsl #2
  402194:	93407ea2 	sxtw	x2, w21
  402198:	bc627862 	ldr	s2, [x3, x2, lsl #2]
  40219c:	bc627b61 	ldr	s1, [x27, x2, lsl #2]
  4021a0:	1f008441 	fmsub	s1, s2, s0, s1
  4021a4:	bc227b61 	str	s1, [x27, x2, lsl #2]
  4021a8:	91000442 	add	x2, x2, #0x1
  4021ac:	6b02003f 	cmp	w1, w2
  4021b0:	54ffff4c 	b.gt	402198 <_Z21pthread_worker_cyclicPv+0x3c8>
  4021b4:	a94573fb 	ldp	x27, x28, [sp, #80]
  4021b8:	17ffffd2 	b	402100 <_Z21pthread_worker_cyclicPv+0x330>
  4021bc:	d503201f 	nop

00000000004021c0 <_Z20pthread_worker_blockPv>:
  4021c0:	a9b97bfd 	stp	x29, x30, [sp, #-112]!
  4021c4:	910003fd 	mov	x29, sp
  4021c8:	a90153f3 	stp	x19, x20, [sp, #16]
  4021cc:	d00000f3 	adrp	x19, 420000 <_ZNSt6chrono3_V212system_clock3nowEv@GLIBCXX_3.4.19>
  4021d0:	b9424a61 	ldr	w1, [x19, #584]
  4021d4:	a9046bf9 	stp	x25, x26, [sp, #64]
  4021d8:	b940001a 	ldr	w26, [x0]
  4021dc:	7100003f 	cmp	w1, #0x0
  4021e0:	5400034d 	b.le	402248 <_Z20pthread_worker_blockPv+0x88>
  4021e4:	91092273 	add	x19, x19, #0x248
  4021e8:	a9025bf5 	stp	x21, x22, [sp, #32]
  4021ec:	91010275 	add	x21, x19, #0x40
  4021f0:	d2800008 	mov	x8, #0x0                   	// #0
  4021f4:	52800014 	mov	w20, #0x0                   	// #0
  4021f8:	a90363f7 	stp	x23, x24, [sp, #48]
  4021fc:	a90573fb 	stp	x27, x28, [sp, #80]
  402200:	9280007c 	mov	x28, #0xfffffffffffffffc    	// #-4
  402204:	d503201f 	nop
  402208:	4b140020 	sub	w0, w1, w20
  40220c:	51000400 	sub	w0, w0, #0x1
  402210:	2a1403ea 	mov	w10, w20
  402214:	11000694 	add	w20, w20, #0x1
  402218:	7100001f 	cmp	w0, #0x0
  40221c:	5400020c 	b.gt	40225c <_Z20pthread_worker_blockPv+0x9c>
  402220:	91000516 	add	x22, x8, #0x1
  402224:	aa1503e0 	mov	x0, x21
  402228:	97fffb8a 	bl	401050 <pthread_barrier_wait@plt>
  40222c:	b9400261 	ldr	w1, [x19]
  402230:	aa1603e8 	mov	x8, x22
  402234:	6b14003f 	cmp	w1, w20
  402238:	54fffe8c 	b.gt	402208 <_Z20pthread_worker_blockPv+0x48>
  40223c:	a9425bf5 	ldp	x21, x22, [sp, #32]
  402240:	a94363f7 	ldp	x23, x24, [sp, #48]
  402244:	a94573fb 	ldp	x27, x28, [sp, #80]
  402248:	d2800000 	mov	x0, #0x0                   	// #0
  40224c:	a94153f3 	ldp	x19, x20, [sp, #16]
  402250:	a9446bf9 	ldp	x25, x26, [sp, #64]
  402254:	a8c77bfd 	ldp	x29, x30, [sp], #112
  402258:	d65f03c0 	ret
  40225c:	b9403a62 	ldr	w2, [x19, #56]
  402260:	0b000045 	add	w5, w2, w0
  402264:	510004a5 	sub	w5, w5, #0x1
  402268:	1ac20ca5 	sdiv	w5, w5, w2
  40226c:	1b055342 	madd	w2, w26, w5, w20
  402270:	0b0200a5 	add	w5, w5, w2
  402274:	6b0100bf 	cmp	w5, w1
  402278:	1a81d0a5 	csel	w5, w5, w1, le
  40227c:	6b0200bf 	cmp	w5, w2
  402280:	54fffd0d 	b.le	402220 <_Z20pthread_worker_blockPv+0x60>
  402284:	1b0a2823 	madd	w3, w1, w10, w10
  402288:	d37ef506 	lsl	x6, x8, #2
  40228c:	f9400660 	ldr	x0, [x19, #8]
  402290:	937e7c4b 	sbfiz	x11, x2, #2, #32
  402294:	51000c29 	sub	w9, w1, #0x3
  402298:	bc63d804 	ldr	s4, [x0, w3, sxtw #2]
  40229c:	d503201f 	nop
  4022a0:	1b017c4e 	mul	w14, w2, w1
  4022a4:	2a0903ec 	mov	w12, w9
  4022a8:	2a1403e3 	mov	w3, w20
  4022ac:	0b0a01c7 	add	w7, w14, w10
  4022b0:	2a0e03e4 	mov	w4, w14
  4022b4:	8b27c80f 	add	x15, x0, w7, sxtw #2
  4022b8:	bc67d803 	ldr	s3, [x0, w7, sxtw #2]
  4022bc:	1e241863 	fdiv	s3, s3, s4
  4022c0:	4e040462 	dup	v2.4s, v3.s[0]
  4022c4:	6b14013f 	cmp	w9, w20
  4022c8:	5400008c 	b.gt	4022d8 <_Z20pthread_worker_blockPv+0x118>
  4022cc:	14000018 	b	40232c <_Z20pthread_worker_blockPv+0x16c>
  4022d0:	1b017c44 	mul	w4, w2, w1
  4022d4:	f9400660 	ldr	x0, [x19, #8]
  4022d8:	0b030084 	add	w4, w4, w3
  4022dc:	b9400261 	ldr	w1, [x19]
  4022e0:	937e7c84 	sbfiz	x4, x4, #2, #32
  4022e4:	f9400669 	ldr	x9, [x19, #8]
  4022e8:	1b010d47 	madd	w7, w10, w1, w3
  4022ec:	3ce46800 	ldr	q0, [x0, x4]
  4022f0:	1b010c41 	madd	w1, w2, w1, w3
  4022f4:	937e7ce0 	sbfiz	x0, x7, #2, #32
  4022f8:	11001063 	add	w3, w3, #0x4
  4022fc:	937e7c21 	sbfiz	x1, x1, #2, #32
  402300:	3ce06921 	ldr	q1, [x9, x0]
  402304:	4ea1cc40 	fmls	v0.4s, v2.4s, v1.4s
  402308:	3ca16920 	str	q0, [x9, x1]
  40230c:	b9400261 	ldr	w1, [x19]
  402310:	51000c29 	sub	w9, w1, #0x3
  402314:	6b03013f 	cmp	w9, w3
  402318:	54fffdcc 	b.gt	4022d0 <_Z20pthread_worker_blockPv+0x110>
  40231c:	1b027c2e 	mul	w14, w1, w2
  402320:	f9400660 	ldr	x0, [x19, #8]
  402324:	0b0e014f 	add	w15, w10, w14
  402328:	8b2fc80f 	add	x15, x0, w15, sxtw #2
  40232c:	6b03003f 	cmp	w1, w3
  402330:	5400078d 	b.le	402420 <_Z20pthread_worker_blockPv+0x260>
  402334:	1b0a7c30 	mul	w16, w1, w10
  402338:	4b030031 	sub	w17, w1, w3
  40233c:	93407c64 	sxtw	x4, w3
  402340:	51000627 	sub	w7, w17, #0x1
  402344:	71000cff 	cmp	w7, #0x3
  402348:	93407dd2 	sxtw	x18, w14
  40234c:	93407e16 	sxtw	x22, w16
  402350:	8b04024d 	add	x13, x18, x4
  402354:	8b0402c7 	add	x7, x22, x4
  402358:	910004e7 	add	x7, x7, #0x1
  40235c:	d37ef5ad 	lsl	x13, x13, #2
  402360:	d37ef4e7 	lsl	x7, x7, #2
  402364:	cb0701b7 	sub	x23, x13, x7
  402368:	fa488ae0 	ccmp	x23, #0x8, #0x0, hi  // hi = pmore
  40236c:	540011e9 	b.ls	4025a8 <_Z20pthread_worker_blockPv+0x3e8>  // b.plast
  402370:	53027e32 	lsr	w18, w17, #2
  402374:	d10010e7 	sub	x7, x7, #0x4
  402378:	8b070007 	add	x7, x0, x7
  40237c:	8b0d000d 	add	x13, x0, x13
  402380:	d37cee52 	lsl	x18, x18, #4
  402384:	d2800004 	mov	x4, #0x0                   	// #0
  402388:	3ce468e1 	ldr	q1, [x7, x4]
  40238c:	3ce469a0 	ldr	q0, [x13, x4]
  402390:	4ea1cc40 	fmls	v0.4s, v2.4s, v1.4s
  402394:	3ca469a0 	str	q0, [x13, x4]
  402398:	91004084 	add	x4, x4, #0x10
  40239c:	eb12009f 	cmp	x4, x18
  4023a0:	54ffff41 	b.ne	402388 <_Z20pthread_worker_blockPv+0x1c8>  // b.any
  4023a4:	121e7624 	and	w4, w17, #0xfffffffc
  4023a8:	0b030083 	add	w3, w4, w3
  4023ac:	6b04023f 	cmp	w17, w4
  4023b0:	54000380 	b.eq	402420 <_Z20pthread_worker_blockPv+0x260>  // b.none
  4023b4:	0b0301c4 	add	w4, w14, w3
  4023b8:	0b03020d 	add	w13, w16, w3
  4023bc:	11000467 	add	w7, w3, #0x1
  4023c0:	93407c84 	sxtw	x4, w4
  4023c4:	bc6dd801 	ldr	s1, [x0, w13, sxtw #2]
  4023c8:	bc647800 	ldr	s0, [x0, x4, lsl #2]
  4023cc:	1f018060 	fmsub	s0, s3, s1, s0
  4023d0:	bc247800 	str	s0, [x0, x4, lsl #2]
  4023d4:	6b07003f 	cmp	w1, w7
  4023d8:	5400024d 	b.le	402420 <_Z20pthread_worker_blockPv+0x260>
  4023dc:	0b0701c4 	add	w4, w14, w7
  4023e0:	0b070207 	add	w7, w16, w7
  4023e4:	11000863 	add	w3, w3, #0x2
  4023e8:	93407c84 	sxtw	x4, w4
  4023ec:	bc67d801 	ldr	s1, [x0, w7, sxtw #2]
  4023f0:	bc647800 	ldr	s0, [x0, x4, lsl #2]
  4023f4:	1f018060 	fmsub	s0, s3, s1, s0
  4023f8:	bc247800 	str	s0, [x0, x4, lsl #2]
  4023fc:	6b03003f 	cmp	w1, w3
  402400:	5400010d 	b.le	402420 <_Z20pthread_worker_blockPv+0x260>
  402404:	0b0301ce 	add	w14, w14, w3
  402408:	0b030210 	add	w16, w16, w3
  40240c:	93407dce 	sxtw	x14, w14
  402410:	bc70d801 	ldr	s1, [x0, w16, sxtw #2]
  402414:	bc6e7800 	ldr	s0, [x0, x14, lsl #2]
  402418:	1f018060 	fmsub	s0, s3, s1, s0
  40241c:	bc2e7800 	str	s0, [x0, x14, lsl #2]
  402420:	f9401a64 	ldr	x4, [x19, #48]
  402424:	11000442 	add	w2, w2, #0x1
  402428:	8b060087 	add	x7, x4, x6
  40242c:	bc666881 	ldr	s1, [x4, x6]
  402430:	bc6b6880 	ldr	s0, [x4, x11]
  402434:	1f038020 	fmsub	s0, s1, s3, s0
  402438:	bc2b6880 	str	s0, [x4, x11]
  40243c:	b90001ff 	str	wzr, [x15]
  402440:	6b0200bf 	cmp	w5, w2
  402444:	54ffeee0 	b.eq	402220 <_Z20pthread_worker_blockPv+0x60>  // b.none
  402448:	9100116b 	add	x11, x11, #0x4
  40244c:	6b14019f 	cmp	w12, w20
  402450:	54fff28c 	b.gt	4022a0 <_Z20pthread_worker_blockPv+0xe0>
  402454:	4b08002b 	sub	w11, w1, w8
  402458:	1b017d43 	mul	w3, w10, w1
  40245c:	51000577 	sub	w23, w11, #0x1
  402460:	1b087c29 	mul	w9, w1, w8
  402464:	121e76fb 	and	w27, w23, #0xfffffffc
  402468:	1b017c4a 	mul	w10, w2, w1
  40246c:	0b1b028d 	add	w13, w20, w27
  402470:	91000516 	add	x22, x8, #0x1
  402474:	110005b9 	add	w25, w13, #0x1
  402478:	110009b8 	add	w24, w13, #0x2
  40247c:	0b190072 	add	w18, w3, w25
  402480:	0b030311 	add	w17, w24, w3
  402484:	0b0301b0 	add	w16, w13, w3
  402488:	8b23c2ce 	add	x14, x22, w3, sxtw
  40248c:	53027eef 	lsr	w15, w23, #2
  402490:	8b29c809 	add	x9, x0, w9, sxtw #2
  402494:	cb090389 	sub	x9, x28, x9
  402498:	937e7c2c 	sbfiz	x12, x1, #2, #32
  40249c:	910010c6 	add	x6, x6, #0x4
  4024a0:	5100096b 	sub	w11, w11, #0x2
  4024a4:	8b32c812 	add	x18, x0, w18, sxtw #2
  4024a8:	8b31c811 	add	x17, x0, w17, sxtw #2
  4024ac:	8b30c810 	add	x16, x0, w16, sxtw #2
  4024b0:	d37cedef 	lsl	x15, x15, #4
  4024b4:	8b0e080e 	add	x14, x0, x14, lsl #2
  4024b8:	8b23c803 	add	x3, x0, w3, sxtw #2
  4024bc:	93407c42 	sxtw	x2, w2
  4024c0:	a90627ec 	stp	x12, x9, [sp, #96]
  4024c4:	8b2ac809 	add	x9, x0, w10, sxtw #2
  4024c8:	bc687920 	ldr	s0, [x9, x8, lsl #2]
  4024cc:	1e241800 	fdiv	s0, s0, s4
  4024d0:	6b14003f 	cmp	w1, w20
  4024d4:	5400050d 	b.le	402574 <_Z20pthread_worker_blockPv+0x3b4>
  4024d8:	f94037ec 	ldr	x12, [sp, #104]
  4024dc:	8b09018c 	add	x12, x12, x9
  4024e0:	f100219f 	cmp	x12, #0x8
  4024e4:	7a438960 	ccmp	w11, #0x3, #0x0, hi  // hi = pmore
  4024e8:	54000749 	b.ls	4025d0 <_Z20pthread_worker_blockPv+0x410>  // b.plast
  4024ec:	4e040402 	dup	v2.4s, v0.s[0]
  4024f0:	8b0900de 	add	x30, x6, x9
  4024f4:	d280000c 	mov	x12, #0x0                   	// #0
  4024f8:	3cec69c3 	ldr	q3, [x14, x12]
  4024fc:	3cec6bc1 	ldr	q1, [x30, x12]
  402500:	4ea2cc61 	fmls	v1.4s, v3.4s, v2.4s
  402504:	3cac6bc1 	str	q1, [x30, x12]
  402508:	9100418c 	add	x12, x12, #0x10
  40250c:	eb0f019f 	cmp	x12, x15
  402510:	54ffff41 	b.ne	4024f8 <_Z20pthread_worker_blockPv+0x338>  // b.any
  402514:	6b17037f 	cmp	w27, w23
  402518:	540002e0 	b.eq	402574 <_Z20pthread_worker_blockPv+0x3b4>  // b.none
  40251c:	0b0a01ac 	add	w12, w13, w10
  402520:	bd400202 	ldr	s2, [x16]
  402524:	937e7d8c 	sbfiz	x12, x12, #2, #32
  402528:	bc6c6801 	ldr	s1, [x0, x12]
  40252c:	1f008441 	fmsub	s1, s2, s0, s1
  402530:	bc2c6801 	str	s1, [x0, x12]
  402534:	6b19003f 	cmp	w1, w25
  402538:	540001ed 	b.le	402574 <_Z20pthread_worker_blockPv+0x3b4>
  40253c:	0b0a032c 	add	w12, w25, w10
  402540:	bd400242 	ldr	s2, [x18]
  402544:	937e7d8c 	sbfiz	x12, x12, #2, #32
  402548:	bc6c6801 	ldr	s1, [x0, x12]
  40254c:	1f008441 	fmsub	s1, s2, s0, s1
  402550:	bc2c6801 	str	s1, [x0, x12]
  402554:	6b18003f 	cmp	w1, w24
  402558:	540000ed 	b.le	402574 <_Z20pthread_worker_blockPv+0x3b4>
  40255c:	0b0a030c 	add	w12, w24, w10
  402560:	bd400222 	ldr	s2, [x17]
  402564:	937e7d8c 	sbfiz	x12, x12, #2, #32
  402568:	bc6c6801 	ldr	s1, [x0, x12]
  40256c:	1f008441 	fmsub	s1, s2, s0, s1
  402570:	bc2c6801 	str	s1, [x0, x12]
  402574:	d37ef44c 	lsl	x12, x2, #2
  402578:	bd4000e2 	ldr	s2, [x7]
  40257c:	91000442 	add	x2, x2, #0x1
  402580:	0b01014a 	add	w10, w10, w1
  402584:	bc6c6881 	ldr	s1, [x4, x12]
  402588:	1f008440 	fmsub	s0, s2, s0, s1
  40258c:	bc2c6880 	str	s0, [x4, x12]
  402590:	f94033ec 	ldr	x12, [sp, #96]
  402594:	b828793f 	str	wzr, [x9, x8, lsl #2]
  402598:	8b0c0129 	add	x9, x9, x12
  40259c:	6b0200bf 	cmp	w5, w2
  4025a0:	54fff94c 	b.gt	4024c8 <_Z20pthread_worker_blockPv+0x308>
  4025a4:	17ffff20 	b	402224 <_Z20pthread_worker_blockPv+0x64>
  4025a8:	8b120803 	add	x3, x0, x18, lsl #2
  4025ac:	8b160816 	add	x22, x0, x22, lsl #2
  4025b0:	bc647ac1 	ldr	s1, [x22, x4, lsl #2]
  4025b4:	bc647860 	ldr	s0, [x3, x4, lsl #2]
  4025b8:	1f018060 	fmsub	s0, s3, s1, s0
  4025bc:	bc247860 	str	s0, [x3, x4, lsl #2]
  4025c0:	91000484 	add	x4, x4, #0x1
  4025c4:	6b04003f 	cmp	w1, w4
  4025c8:	54ffff4c 	b.gt	4025b0 <_Z20pthread_worker_blockPv+0x3f0>
  4025cc:	17ffff95 	b	402420 <_Z20pthread_worker_blockPv+0x260>
  4025d0:	93407e8c 	sxtw	x12, w20
  4025d4:	bc6c7862 	ldr	s2, [x3, x12, lsl #2]
  4025d8:	bc6c7921 	ldr	s1, [x9, x12, lsl #2]
  4025dc:	1f008441 	fmsub	s1, s2, s0, s1
  4025e0:	bc2c7921 	str	s1, [x9, x12, lsl #2]
  4025e4:	9100058c 	add	x12, x12, #0x1
  4025e8:	6b0c003f 	cmp	w1, w12
  4025ec:	54ffff4c 	b.gt	4025d4 <_Z20pthread_worker_blockPv+0x414>
  4025f0:	17ffffe1 	b	402574 <_Z20pthread_worker_blockPv+0x3b4>

00000000004025f4 <_Z19gauss_openmp_cyclicPfS_ii._omp_fn.0>:
  4025f4:	a9b67bfd 	stp	x29, x30, [sp, #-160]!
  4025f8:	910003fd 	mov	x29, sp
  4025fc:	a9025bf5 	stp	x21, x22, [sp, #32]
  402600:	b9401015 	ldr	w21, [x0, #16]
  402604:	a90153f3 	stp	x19, x20, [sp, #16]
  402608:	a9405013 	ldp	x19, x20, [x0]
  40260c:	710002bf 	cmp	w21, #0x0
  402610:	5400118d 	b.le	402840 <_Z19gauss_openmp_cyclicPfS_ii._omp_fn.0+0x24c>
  402614:	a90363f7 	stp	x23, x24, [sp, #48]
  402618:	91001294 	add	x20, x20, #0x4
  40261c:	51000eb6 	sub	w22, w21, #0x3
  402620:	a9046bf9 	stp	x25, x26, [sp, #64]
  402624:	a90573fb 	stp	x27, x28, [sp, #80]
  402628:	97fffac6 	bl	401140 <omp_get_num_threads@plt>
  40262c:	93407c17 	sxtw	x23, w0
  402630:	97fffa9c 	bl	4010a0 <omp_get_thread_num@plt>
  402634:	2a0003e2 	mov	w2, w0
  402638:	93407ea1 	sxtw	x1, w21
  40263c:	510016af 	sub	w15, w21, #0x5
  402640:	1b157ef9 	mul	w25, w23, w21
  402644:	91000420 	add	x0, x1, #0x1
  402648:	9100127c 	add	x28, x19, #0x4
  40264c:	9100527b 	add	x27, x19, #0x14
  402650:	d37ef400 	lsl	x0, x0, #2
  402654:	a90903e1 	stp	x1, x0, [sp, #144]
  402658:	93407f38 	sxtw	x24, w25
  40265c:	1b155440 	madd	w0, w2, w21, w21
  402660:	52800012 	mov	w18, #0x0                   	// #0
  402664:	cb180bfa 	neg	x26, x24, lsl #2
  402668:	d280002e 	mov	x14, #0x1                   	// #1
  40266c:	a906fff3 	stp	x19, xzr, [sp, #104]
  402670:	b90083e0 	str	w0, [sp, #128]
  402674:	b9008fe2 	str	w2, [sp, #140]
  402678:	f94037e0 	ldr	x0, [sp, #104]
  40267c:	110011e8 	add	w8, w15, #0x4
  402680:	b9408fe1 	ldr	w1, [sp, #140]
  402684:	bd400004 	ldr	s4, [x0]
  402688:	6b08003f 	cmp	w1, w8
  40268c:	54000a8a 	b.ge	4027dc <_Z19gauss_openmp_cyclicPfS_ii._omp_fn.0+0x1e8>  // b.tcont
  402690:	110011c0 	add	w0, w14, #0x4
  402694:	b94083e5 	ldr	w5, [sp, #128]
  402698:	121e75e6 	and	w6, w15, #0xfffffffc
  40269c:	6b0e02df 	cmp	w22, w14
  4026a0:	0b0000c6 	add	w6, w6, w0
  4026a4:	d10005c3 	sub	x3, x14, #0x1
  4026a8:	f9403be2 	ldr	x2, [sp, #112]
  4026ac:	1a86d1c6 	csel	w6, w14, w6, le
  4026b0:	93407ca0 	sxtw	x0, w5
  4026b4:	110004c7 	add	w7, w6, #0x1
  4026b8:	110008c9 	add	w9, w6, #0x2
  4026bc:	11000ccd 	add	w13, w6, #0x3
  4026c0:	0b1200f0 	add	w16, w7, w18
  4026c4:	0b120131 	add	w17, w9, w18
  4026c8:	0b1201be 	add	w30, w13, w18
  4026cc:	0b1200cb 	add	w11, w6, w18
  4026d0:	cb000042 	sub	x2, x2, x0
  4026d4:	8b30ca70 	add	x16, x19, w16, sxtw #2
  4026d8:	8b31ca71 	add	x17, x19, w17, sxtw #2
  4026dc:	8b3eca7e 	add	x30, x19, w30, sxtw #2
  4026e0:	8b2bca6b 	add	x11, x19, w11, sxtw #2
  4026e4:	93407c24 	sxtw	x4, w1
  4026e8:	2a0e03ea 	mov	w10, w14
  4026ec:	927e75ec 	and	x12, x15, #0xfffffffc
  4026f0:	8b000063 	add	x3, x3, x0
  4026f4:	d37ef442 	lsl	x2, x2, #2
  4026f8:	bc637a63 	ldr	s3, [x19, x3, lsl #2]
  4026fc:	1e241863 	fdiv	s3, s3, s4
  402700:	4e040462 	dup	v2.4s, v3.s[0]
  402704:	6b0a02df 	cmp	w22, w10
  402708:	5400014d 	b.le	402730 <_Z19gauss_openmp_cyclicPfS_ii._omp_fn.0+0x13c>
  40270c:	8b0c0061 	add	x1, x3, x12
  402710:	8b030b80 	add	x0, x28, x3, lsl #2
  402714:	8b010b61 	add	x1, x27, x1, lsl #2
  402718:	3ce06841 	ldr	q1, [x2, x0]
  40271c:	3dc00000 	ldr	q0, [x0]
  402720:	4ea1cc40 	fmls	v0.4s, v2.4s, v1.4s
  402724:	3c810400 	str	q0, [x0], #16
  402728:	eb00003f 	cmp	x1, x0
  40272c:	54ffff61 	b.ne	402718 <_Z19gauss_openmp_cyclicPfS_ii._omp_fn.0+0x124>  // b.any
  402730:	6b0602bf 	cmp	w21, w6
  402734:	540003ed 	b.le	4027b0 <_Z19gauss_openmp_cyclicPfS_ii._omp_fn.0+0x1bc>
  402738:	0b0600a0 	add	w0, w5, w6
  40273c:	bd400161 	ldr	s1, [x11]
  402740:	93407c00 	sxtw	x0, w0
  402744:	bc607a60 	ldr	s0, [x19, x0, lsl #2]
  402748:	1f018060 	fmsub	s0, s3, s1, s0
  40274c:	bc207a60 	str	s0, [x19, x0, lsl #2]
  402750:	6b0702bf 	cmp	w21, w7
  402754:	540002ed 	b.le	4027b0 <_Z19gauss_openmp_cyclicPfS_ii._omp_fn.0+0x1bc>
  402758:	0b0700a0 	add	w0, w5, w7
  40275c:	bd400201 	ldr	s1, [x16]
  402760:	93407c00 	sxtw	x0, w0
  402764:	bc607a60 	ldr	s0, [x19, x0, lsl #2]
  402768:	1f018060 	fmsub	s0, s3, s1, s0
  40276c:	bc207a60 	str	s0, [x19, x0, lsl #2]
  402770:	6b0902bf 	cmp	w21, w9
  402774:	540001ed 	b.le	4027b0 <_Z19gauss_openmp_cyclicPfS_ii._omp_fn.0+0x1bc>
  402778:	0b0900a0 	add	w0, w5, w9
  40277c:	bd400221 	ldr	s1, [x17]
  402780:	93407c00 	sxtw	x0, w0
  402784:	bc607a60 	ldr	s0, [x19, x0, lsl #2]
  402788:	1f018060 	fmsub	s0, s3, s1, s0
  40278c:	bc207a60 	str	s0, [x19, x0, lsl #2]
  402790:	6b0d02bf 	cmp	w21, w13
  402794:	540000ed 	b.le	4027b0 <_Z19gauss_openmp_cyclicPfS_ii._omp_fn.0+0x1bc>
  402798:	0b0d00a0 	add	w0, w5, w13
  40279c:	bd4003c1 	ldr	s1, [x30]
  4027a0:	93407c00 	sxtw	x0, w0
  4027a4:	bc607a60 	ldr	s0, [x19, x0, lsl #2]
  4027a8:	1f018060 	fmsub	s0, s3, s1, s0
  4027ac:	bc207a60 	str	s0, [x19, x0, lsl #2]
  4027b0:	bc5fc281 	ldur	s1, [x20, #-4]
  4027b4:	0b1900a5 	add	w5, w5, w25
  4027b8:	bc647a80 	ldr	s0, [x20, x4, lsl #2]
  4027bc:	8b1a0042 	add	x2, x2, x26
  4027c0:	1f018060 	fmsub	s0, s3, s1, s0
  4027c4:	bc247a80 	str	s0, [x20, x4, lsl #2]
  4027c8:	8b170084 	add	x4, x4, x23
  4027cc:	b8237a7f 	str	wzr, [x19, x3, lsl #2]
  4027d0:	8b180063 	add	x3, x3, x24
  4027d4:	6b04011f 	cmp	w8, w4
  4027d8:	54fff90c 	b.gt	4026f8 <_Z19gauss_openmp_cyclicPfS_ii._omp_fn.0+0x104>
  4027dc:	f9003fee 	str	x14, [sp, #120]
  4027e0:	91001294 	add	x20, x20, #0x4
  4027e4:	2910bff2 	stp	w18, w15, [sp, #132]
  4027e8:	97fffa4e 	bl	401120 <GOMP_barrier@plt>
  4027ec:	f94037e0 	ldr	x0, [sp, #104]
  4027f0:	f9404fe1 	ldr	x1, [sp, #152]
  4027f4:	2950bff2 	ldp	w18, w15, [sp, #132]
  4027f8:	8b010000 	add	x0, x0, x1
  4027fc:	f90037e0 	str	x0, [sp, #104]
  402800:	b94083e0 	ldr	w0, [sp, #128]
  402804:	510005ef 	sub	w15, w15, #0x1
  402808:	f9404be1 	ldr	x1, [sp, #144]
  40280c:	0b150000 	add	w0, w0, w21
  402810:	b90083e0 	str	w0, [sp, #128]
  402814:	0b150252 	add	w18, w18, w21
  402818:	f9403be0 	ldr	x0, [sp, #112]
  40281c:	f9403fee 	ldr	x14, [sp, #120]
  402820:	8b010000 	add	x0, x0, x1
  402824:	f9003be0 	str	x0, [sp, #112]
  402828:	910005ce 	add	x14, x14, #0x1
  40282c:	310015ff 	cmn	w15, #0x5
  402830:	54fff241 	b.ne	402678 <_Z19gauss_openmp_cyclicPfS_ii._omp_fn.0+0x84>  // b.any
  402834:	a94363f7 	ldp	x23, x24, [sp, #48]
  402838:	a9446bf9 	ldp	x25, x26, [sp, #64]
  40283c:	a94573fb 	ldp	x27, x28, [sp, #80]
  402840:	a94153f3 	ldp	x19, x20, [sp, #16]
  402844:	a9425bf5 	ldp	x21, x22, [sp, #32]
  402848:	a8ca7bfd 	ldp	x29, x30, [sp], #160
  40284c:	d65f03c0 	ret

0000000000402850 <_Z17back_substitutionPfS_i>:
  402850:	71000444 	subs	w4, w2, #0x1
  402854:	540009a4 	b.mi	402988 <_Z17back_substitutionPfS_i+0x138>  // b.first
  402858:	1b047c43 	mul	w3, w2, w4
  40285c:	4b0203ed 	neg	w13, w2
  402860:	93407c45 	sxtw	x5, w2
  402864:	2a2203ee 	mvn	w14, w2
  402868:	93407dad 	sxtw	x13, w13
  40286c:	2a0303e9 	mov	w9, w3
  402870:	93407c63 	sxtw	x3, w3
  402874:	d10005ad 	sub	x13, x13, #0x1
  402878:	8b24c064 	add	x4, x3, w4, sxtw
  40287c:	8b0300a3 	add	x3, x5, x3
  402880:	d37ef5ad 	lsl	x13, x13, #2
  402884:	8b050825 	add	x5, x1, x5, lsl #2
  402888:	8b04080a 	add	x10, x0, x4, lsl #2
  40288c:	8b030806 	add	x6, x0, x3, lsl #2
  402890:	937e7dce 	sbfiz	x14, x14, #2, #32
  402894:	2a0203e8 	mov	w8, w2
  402898:	52800007 	mov	w7, #0x0                   	// #0
  40289c:	d503201f 	nop
  4028a0:	2a0803e3 	mov	w3, w8
  4028a4:	bc5fc0a0 	ldur	s0, [x5, #-4]
  4028a8:	6b08005f 	cmp	w2, w8
  4028ac:	540005ad 	b.le	402960 <_Z17back_substitutionPfS_i+0x110>
  4028b0:	510004e4 	sub	w4, w7, #0x1
  4028b4:	7100089f 	cmp	w4, #0x2
  4028b8:	540002c9 	b.ls	402910 <_Z17back_substitutionPfS_i+0xc0>  // b.plast
  4028bc:	53027ce4 	lsr	w4, w7, #2
  4028c0:	d2800003 	mov	x3, #0x0                   	// #0
  4028c4:	d37cec84 	lsl	x4, x4, #4
  4028c8:	3ce368c2 	ldr	q2, [x6, x3]
  4028cc:	3ce368a1 	ldr	q1, [x5, x3]
  4028d0:	91004063 	add	x3, x3, #0x10
  4028d4:	6e22dc21 	fmul	v1.4s, v1.4s, v2.4s
  4028d8:	5e040424 	mov	s4, v1.s[0]
  4028dc:	5e0c0423 	mov	s3, v1.s[1]
  4028e0:	5e140422 	mov	s2, v1.s[2]
  4028e4:	5e1c0421 	mov	s1, v1.s[3]
  4028e8:	1e243800 	fsub	s0, s0, s4
  4028ec:	1e233800 	fsub	s0, s0, s3
  4028f0:	1e223800 	fsub	s0, s0, s2
  4028f4:	1e213800 	fsub	s0, s0, s1
  4028f8:	eb03009f 	cmp	x4, x3
  4028fc:	54fffe61 	b.ne	4028c8 <_Z17back_substitutionPfS_i+0x78>  // b.any
  402900:	121e74e4 	and	w4, w7, #0xfffffffc
  402904:	0b040103 	add	w3, w8, w4
  402908:	6b0400ff 	cmp	w7, w4
  40290c:	540002a0 	b.eq	402960 <_Z17back_substitutionPfS_i+0x110>  // b.none
  402910:	0b09006c 	add	w12, w3, w9
  402914:	bc63d821 	ldr	s1, [x1, w3, sxtw #2]
  402918:	11000464 	add	w4, w3, #0x1
  40291c:	937e7c6b 	sbfiz	x11, x3, #2, #32
  402920:	bc6cd802 	ldr	s2, [x0, w12, sxtw #2]
  402924:	1f018040 	fmsub	s0, s2, s1, s0
  402928:	6b04005f 	cmp	w2, w4
  40292c:	540001ad 	b.le	402960 <_Z17back_substitutionPfS_i+0x110>
  402930:	0b090084 	add	w4, w4, w9
  402934:	8b0b002b 	add	x11, x1, x11
  402938:	11000863 	add	w3, w3, #0x2
  40293c:	bc64d802 	ldr	s2, [x0, w4, sxtw #2]
  402940:	bd400561 	ldr	s1, [x11, #4]
  402944:	1f018040 	fmsub	s0, s2, s1, s0
  402948:	6b03005f 	cmp	w2, w3
  40294c:	540000ad 	b.le	402960 <_Z17back_substitutionPfS_i+0x110>
  402950:	0b030123 	add	w3, w9, w3
  402954:	bd400962 	ldr	s2, [x11, #8]
  402958:	bc63d801 	ldr	s1, [x0, w3, sxtw #2]
  40295c:	1f018040 	fmsub	s0, s2, s1, s0
  402960:	bd400141 	ldr	s1, [x10]
  402964:	110004e7 	add	w7, w7, #0x1
  402968:	51000508 	sub	w8, w8, #0x1
  40296c:	4b020129 	sub	w9, w9, w2
  402970:	8b0d00c6 	add	x6, x6, x13
  402974:	8b0e014a 	add	x10, x10, x14
  402978:	1e211800 	fdiv	s0, s0, s1
  40297c:	bc1fcca0 	str	s0, [x5, #-4]!
  402980:	6b0200ff 	cmp	w7, w2
  402984:	54fff8e1 	b.ne	4028a0 <_Z17back_substitutionPfS_i+0x50>  // b.any
  402988:	d65f03c0 	ret
  40298c:	d503201f 	nop

0000000000402990 <_Z13free_testdataR8TestData>:
  402990:	a9be7bfd 	stp	x29, x30, [sp, #-32]!
  402994:	910003fd 	mov	x29, sp
  402998:	f9000bf3 	str	x19, [sp, #16]
  40299c:	aa0003f3 	mov	x19, x0
  4029a0:	f9400000 	ldr	x0, [x0]
  4029a4:	97fff97f 	bl	400fa0 <free@plt>
  4029a8:	f9400660 	ldr	x0, [x19, #8]
  4029ac:	f9400bf3 	ldr	x19, [sp, #16]
  4029b0:	a8c27bfd 	ldp	x29, x30, [sp], #32
  4029b4:	17fff97b 	b	400fa0 <free@plt>
  4029b8:	d503201f 	nop
  4029bc:	d503201f 	nop

00000000004029c0 <_Z17compute_max_errorPKfRKSt6vectorIfSaIfEEi>:
  4029c0:	0f000400 	movi	v0.2s, #0x0
  4029c4:	7100005f 	cmp	w2, #0x0
  4029c8:	5400018d 	b.le	4029f8 <_Z17compute_max_errorPKfRKSt6vectorIfSaIfEEi+0x38>
  4029cc:	f9400021 	ldr	x1, [x1]
  4029d0:	d2800003 	mov	x3, #0x0                   	// #0
  4029d4:	d503201f 	nop
  4029d8:	bc637801 	ldr	s1, [x0, x3, lsl #2]
  4029dc:	bc637822 	ldr	s2, [x1, x3, lsl #2]
  4029e0:	7ea2d421 	fabd	s1, s1, s2
  4029e4:	1e212010 	fcmpe	s0, s1
  4029e8:	540000a4 	b.mi	4029fc <_Z17compute_max_errorPKfRKSt6vectorIfSaIfEEi+0x3c>  // b.first
  4029ec:	91000463 	add	x3, x3, #0x1
  4029f0:	6b03005f 	cmp	w2, w3
  4029f4:	54ffff2c 	b.gt	4029d8 <_Z17compute_max_errorPKfRKSt6vectorIfSaIfEEi+0x18>
  4029f8:	d65f03c0 	ret
  4029fc:	1e204020 	fmov	s0, s1
  402a00:	17fffffb 	b	4029ec <_Z17compute_max_errorPKfRKSt6vectorIfSaIfEEi+0x2c>

0000000000402a04 <_Z12gauss_serialPfS_i>:
  402a04:	a9b87bfd 	stp	x29, x30, [sp, #-128]!
  402a08:	aa0003e7 	mov	x7, x0
  402a0c:	51000440 	sub	w0, w2, #0x1
  402a10:	910003fd 	mov	x29, sp
  402a14:	b9007fe0 	str	w0, [sp, #124]
  402a18:	2a0203e3 	mov	w3, w2
  402a1c:	aa0103ea 	mov	x10, x1
  402a20:	7100005f 	cmp	w2, #0x0
  402a24:	540019ed 	b.le	402d60 <_Z12gauss_serialPfS_i+0x35c>
  402a28:	bd4000e4 	ldr	s4, [x7]
  402a2c:	7100045f 	cmp	w2, #0x1
  402a30:	54001a00 	b.eq	402d70 <_Z12gauss_serialPfS_i+0x36c>  // b.none
  402a34:	93407c40 	sxtw	x0, w2
  402a38:	937e7c51 	sbfiz	x17, x2, #2, #32
  402a3c:	910010e4 	add	x4, x7, #0x4
  402a40:	5100084f 	sub	w15, w2, #0x2
  402a44:	a9046bf9 	stp	x25, x26, [sp, #64]
  402a48:	aa0703f9 	mov	x25, x7
  402a4c:	91001221 	add	x1, x17, #0x4
  402a50:	a90573fb 	stp	x27, x28, [sp, #80]
  402a54:	5100045c 	sub	w28, w2, #0x1
  402a58:	cb0703fb 	neg	x27, x7
  402a5c:	d280002c 	mov	x12, #0x1                   	// #1
  402a60:	d2800009 	mov	x9, #0x0                   	// #0
  402a64:	a90153f3 	stp	x19, x20, [sp, #16]
  402a68:	d2800094 	mov	x20, #0x4                   	// #4
  402a6c:	a9025bf5 	stp	x21, x22, [sp, #32]
  402a70:	a90363f7 	stp	x23, x24, [sp, #48]
  402a74:	52800018 	mov	w24, #0x0                   	// #0
  402a78:	a90607e0 	stp	x0, x1, [sp, #96]
  402a7c:	cb000be0 	neg	x0, x0, lsl #2
  402a80:	f9003be0 	str	x0, [sp, #112]
  402a84:	d503201f 	nop
  402a88:	6b0c007f 	cmp	w3, w12
  402a8c:	2a1803e0 	mov	w0, w24
  402a90:	1a9fc792 	csinc	w18, w28, wzr, gt
  402a94:	0b030318 	add	w24, w24, w3
  402a98:	121e7656 	and	w22, w18, #0xfffffffc
  402a9c:	aa1903eb 	mov	x11, x25
  402aa0:	0b0c02d5 	add	w21, w22, w12
  402aa4:	53027e45 	lsr	w5, w18, #2
  402aa8:	110006ae 	add	w14, w21, #0x1
  402aac:	11000ab0 	add	w16, w21, #0x2
  402ab0:	0b0001d7 	add	w23, w14, w0
  402ab4:	0b00021a 	add	w26, w16, w0
  402ab8:	0b0002a0 	add	w0, w21, w0
  402abc:	8b110339 	add	x25, x25, x17
  402ac0:	8b37c8f7 	add	x23, x7, w23, sxtw #2
  402ac4:	8b3ac8fa 	add	x26, x7, w26, sxtw #2
  402ac8:	8b20c8ed 	add	x13, x7, w0, sxtw #2
  402acc:	d37ceca5 	lsl	x5, x5, #4
  402ad0:	aa1903e2 	mov	x2, x25
  402ad4:	2a1803e8 	mov	w8, w24
  402ad8:	aa0c03e6 	mov	x6, x12
  402adc:	9100053e 	add	x30, x9, #0x1
  402ae0:	d1001373 	sub	x19, x27, #0x4
  402ae4:	d503201f 	nop
  402ae8:	bc697842 	ldr	s2, [x2, x9, lsl #2]
  402aec:	71000dff 	cmp	w15, #0x3
  402af0:	7a4c8064 	ccmp	w3, w12, #0x4, hi  // hi = pmore
  402af4:	8b020260 	add	x0, x19, x2
  402af8:	fa48c800 	ccmp	x0, #0x8, #0x0, gt
  402afc:	1e241842 	fdiv	s2, s2, s4
  402b00:	540011c9 	b.ls	402d38 <_Z12gauss_serialPfS_i+0x334>  // b.plast
  402b04:	4e040443 	dup	v3.4s, v2.s[0]
  402b08:	8b140041 	add	x1, x2, x20
  402b0c:	d2800000 	mov	x0, #0x0                   	// #0
  402b10:	3ce06881 	ldr	q1, [x4, x0]
  402b14:	3ce06820 	ldr	q0, [x1, x0]
  402b18:	4ea3cc20 	fmls	v0.4s, v1.4s, v3.4s
  402b1c:	3ca06820 	str	q0, [x1, x0]
  402b20:	91004000 	add	x0, x0, #0x10
  402b24:	eb05001f 	cmp	x0, x5
  402b28:	54ffff41 	b.ne	402b10 <_Z12gauss_serialPfS_i+0x10c>  // b.any
  402b2c:	6b16025f 	cmp	w18, w22
  402b30:	540002e0 	b.eq	402b8c <_Z12gauss_serialPfS_i+0x188>  // b.none
  402b34:	0b150100 	add	w0, w8, w21
  402b38:	bd4001a1 	ldr	s1, [x13]
  402b3c:	93407c00 	sxtw	x0, w0
  402b40:	bc6078e0 	ldr	s0, [x7, x0, lsl #2]
  402b44:	1f018040 	fmsub	s0, s2, s1, s0
  402b48:	bc2078e0 	str	s0, [x7, x0, lsl #2]
  402b4c:	6b0e007f 	cmp	w3, w14
  402b50:	540001ed 	b.le	402b8c <_Z12gauss_serialPfS_i+0x188>
  402b54:	0b0e0100 	add	w0, w8, w14
  402b58:	bd4002e1 	ldr	s1, [x23]
  402b5c:	93407c00 	sxtw	x0, w0
  402b60:	bc6078e0 	ldr	s0, [x7, x0, lsl #2]
  402b64:	1f018040 	fmsub	s0, s2, s1, s0
  402b68:	bc2078e0 	str	s0, [x7, x0, lsl #2]
  402b6c:	6b10007f 	cmp	w3, w16
  402b70:	540000ed 	b.le	402b8c <_Z12gauss_serialPfS_i+0x188>
  402b74:	0b100100 	add	w0, w8, w16
  402b78:	bd400341 	ldr	s1, [x26]
  402b7c:	93407c00 	sxtw	x0, w0
  402b80:	bc6078e0 	ldr	s0, [x7, x0, lsl #2]
  402b84:	1f028020 	fmsub	s0, s1, s2, s0
  402b88:	bc2078e0 	str	s0, [x7, x0, lsl #2]
  402b8c:	bc697941 	ldr	s1, [x10, x9, lsl #2]
  402b90:	0b030108 	add	w8, w8, w3
  402b94:	bc667940 	ldr	s0, [x10, x6, lsl #2]
  402b98:	1f028020 	fmsub	s0, s1, s2, s0
  402b9c:	bc267940 	str	s0, [x10, x6, lsl #2]
  402ba0:	910004c6 	add	x6, x6, #0x1
  402ba4:	b829785f 	str	wzr, [x2, x9, lsl #2]
  402ba8:	8b110042 	add	x2, x2, x17
  402bac:	6b06007f 	cmp	w3, w6
  402bb0:	54fff9cc 	b.gt	402ae8 <_Z12gauss_serialPfS_i+0xe4>
  402bb4:	f9403be0 	ldr	x0, [sp, #112]
  402bb8:	9100058c 	add	x12, x12, #0x1
  402bbc:	aa1e03e9 	mov	x9, x30
  402bc0:	5100079c 	sub	w28, w28, #0x1
  402bc4:	8b00037b 	add	x27, x27, x0
  402bc8:	91001294 	add	x20, x20, #0x4
  402bcc:	f94033e0 	ldr	x0, [sp, #96]
  402bd0:	510005ef 	sub	w15, w15, #0x1
  402bd4:	bc607884 	ldr	s4, [x4, x0, lsl #2]
  402bd8:	f94037e0 	ldr	x0, [sp, #104]
  402bdc:	8b000084 	add	x4, x4, x0
  402be0:	6b0c007f 	cmp	w3, w12
  402be4:	54fff52c 	b.gt	402a88 <_Z12gauss_serialPfS_i+0x84>
  402be8:	a94153f3 	ldp	x19, x20, [sp, #16]
  402bec:	a9425bf5 	ldp	x21, x22, [sp, #32]
  402bf0:	a94363f7 	ldp	x23, x24, [sp, #48]
  402bf4:	a9446bf9 	ldp	x25, x26, [sp, #64]
  402bf8:	a94573fb 	ldp	x27, x28, [sp, #80]
  402bfc:	4b0303ed 	neg	w13, w3
  402c00:	b9407fe1 	ldr	w1, [sp, #124]
  402c04:	2a2303ee 	mvn	w14, w3
  402c08:	f94033e4 	ldr	x4, [sp, #96]
  402c0c:	93407dad 	sxtw	x13, w13
  402c10:	d10005ad 	sub	x13, x13, #0x1
  402c14:	937e7dce 	sbfiz	x14, x14, #2, #32
  402c18:	1b017c60 	mul	w0, w3, w1
  402c1c:	2a0303e5 	mov	w5, w3
  402c20:	8b040942 	add	x2, x10, x4, lsl #2
  402c24:	d37ef5ad 	lsl	x13, x13, #2
  402c28:	2a0003e8 	mov	w8, w0
  402c2c:	52800006 	mov	w6, #0x0                   	// #0
  402c30:	93407c00 	sxtw	x0, w0
  402c34:	8b21c009 	add	x9, x0, w1, sxtw
  402c38:	8b000080 	add	x0, x4, x0
  402c3c:	8b0908e9 	add	x9, x7, x9, lsl #2
  402c40:	8b0008e4 	add	x4, x7, x0, lsl #2
  402c44:	d503201f 	nop
  402c48:	2a0503e0 	mov	w0, w5
  402c4c:	bc5fc040 	ldur	s0, [x2, #-4]
  402c50:	6b05007f 	cmp	w3, w5
  402c54:	540005ad 	b.le	402d08 <_Z12gauss_serialPfS_i+0x304>
  402c58:	510004c1 	sub	w1, w6, #0x1
  402c5c:	7100083f 	cmp	w1, #0x2
  402c60:	540002c9 	b.ls	402cb8 <_Z12gauss_serialPfS_i+0x2b4>  // b.plast
  402c64:	53027cc1 	lsr	w1, w6, #2
  402c68:	d2800000 	mov	x0, #0x0                   	// #0
  402c6c:	d37cec21 	lsl	x1, x1, #4
  402c70:	3ce06882 	ldr	q2, [x4, x0]
  402c74:	3ce06841 	ldr	q1, [x2, x0]
  402c78:	91004000 	add	x0, x0, #0x10
  402c7c:	6e22dc21 	fmul	v1.4s, v1.4s, v2.4s
  402c80:	5e040424 	mov	s4, v1.s[0]
  402c84:	5e0c0423 	mov	s3, v1.s[1]
  402c88:	5e140422 	mov	s2, v1.s[2]
  402c8c:	5e1c0421 	mov	s1, v1.s[3]
  402c90:	1e243800 	fsub	s0, s0, s4
  402c94:	1e233800 	fsub	s0, s0, s3
  402c98:	1e223800 	fsub	s0, s0, s2
  402c9c:	1e213800 	fsub	s0, s0, s1
  402ca0:	eb00003f 	cmp	x1, x0
  402ca4:	54fffe61 	b.ne	402c70 <_Z12gauss_serialPfS_i+0x26c>  // b.any
  402ca8:	121e74c1 	and	w1, w6, #0xfffffffc
  402cac:	0b0100a0 	add	w0, w5, w1
  402cb0:	6b06003f 	cmp	w1, w6
  402cb4:	540002a0 	b.eq	402d08 <_Z12gauss_serialPfS_i+0x304>  // b.none
  402cb8:	0b08000c 	add	w12, w0, w8
  402cbc:	bc60d941 	ldr	s1, [x10, w0, sxtw #2]
  402cc0:	11000401 	add	w1, w0, #0x1
  402cc4:	937e7c0b 	sbfiz	x11, x0, #2, #32
  402cc8:	bc6cd8e2 	ldr	s2, [x7, w12, sxtw #2]
  402ccc:	1f018040 	fmsub	s0, s2, s1, s0
  402cd0:	6b01007f 	cmp	w3, w1
  402cd4:	540001ad 	b.le	402d08 <_Z12gauss_serialPfS_i+0x304>
  402cd8:	0b080021 	add	w1, w1, w8
  402cdc:	8b0b014b 	add	x11, x10, x11
  402ce0:	11000800 	add	w0, w0, #0x2
  402ce4:	bc61d8e2 	ldr	s2, [x7, w1, sxtw #2]
  402ce8:	bd400561 	ldr	s1, [x11, #4]
  402cec:	1f018040 	fmsub	s0, s2, s1, s0
  402cf0:	6b00007f 	cmp	w3, w0
  402cf4:	540000ad 	b.le	402d08 <_Z12gauss_serialPfS_i+0x304>
  402cf8:	0b080000 	add	w0, w0, w8
  402cfc:	bd400962 	ldr	s2, [x11, #8]
  402d00:	bc60d8e1 	ldr	s1, [x7, w0, sxtw #2]
  402d04:	1f018040 	fmsub	s0, s2, s1, s0
  402d08:	bd400121 	ldr	s1, [x9]
  402d0c:	110004c6 	add	w6, w6, #0x1
  402d10:	4b030108 	sub	w8, w8, w3
  402d14:	8b0d0084 	add	x4, x4, x13
  402d18:	510004a0 	sub	w0, w5, #0x1
  402d1c:	8b0e0129 	add	x9, x9, x14
  402d20:	1e211800 	fdiv	s0, s0, s1
  402d24:	bc1fcc40 	str	s0, [x2, #-4]!
  402d28:	710008bf 	cmp	w5, #0x2
  402d2c:	540001e4 	b.mi	402d68 <_Z12gauss_serialPfS_i+0x364>  // b.first
  402d30:	2a0003e5 	mov	w5, w0
  402d34:	17ffffc5 	b	402c48 <_Z12gauss_serialPfS_i+0x244>
  402d38:	aa1e03e0 	mov	x0, x30
  402d3c:	d503201f 	nop
  402d40:	bc607961 	ldr	s1, [x11, x0, lsl #2]
  402d44:	bc607840 	ldr	s0, [x2, x0, lsl #2]
  402d48:	1f018040 	fmsub	s0, s2, s1, s0
  402d4c:	bc207840 	str	s0, [x2, x0, lsl #2]
  402d50:	91000400 	add	x0, x0, #0x1
  402d54:	6b00007f 	cmp	w3, w0
  402d58:	54ffff4c 	b.gt	402d40 <_Z12gauss_serialPfS_i+0x33c>
  402d5c:	17ffff8c 	b	402b8c <_Z12gauss_serialPfS_i+0x188>
  402d60:	51000440 	sub	w0, w2, #0x1
  402d64:	36f800c0 	tbz	w0, #31, 402d7c <_Z12gauss_serialPfS_i+0x378>
  402d68:	a8c87bfd 	ldp	x29, x30, [sp], #128
  402d6c:	d65f03c0 	ret
  402d70:	d2800020 	mov	x0, #0x1                   	// #1
  402d74:	f90033e0 	str	x0, [sp, #96]
  402d78:	17ffffa1 	b	402bfc <_Z12gauss_serialPfS_i+0x1f8>
  402d7c:	93407c40 	sxtw	x0, w2
  402d80:	f90033e0 	str	x0, [sp, #96]
  402d84:	17ffff9e 	b	402bfc <_Z12gauss_serialPfS_i+0x1f8>
  402d88:	d503201f 	nop
  402d8c:	d503201f 	nop

0000000000402d90 <_Z20gauss_pthread_cyclicPfS_ii>:
  402d90:	7100047f 	cmp	w3, #0x1
  402d94:	540013ed 	b.le	403010 <_Z20gauss_pthread_cyclicPfS_ii+0x280>
  402d98:	a9ba7bfd 	stp	x29, x30, [sp, #-96]!
  402d9c:	aa0003e5 	mov	x5, x0
  402da0:	aa0103e4 	mov	x4, x1
  402da4:	910003fd 	mov	x29, sp
  402da8:	2a0203e6 	mov	w6, w2
  402dac:	d00000e0 	adrp	x0, 420000 <_ZNSt6chrono3_V212system_clock3nowEv@GLIBCXX_3.4.19>
  402db0:	a9046bf9 	stp	x25, x26, [sp, #64]
  402db4:	9109201a 	add	x26, x0, #0x248
  402db8:	2a0303e2 	mov	w2, w3
  402dbc:	51000479 	sub	w25, w3, #0x1
  402dc0:	d2800001 	mov	x1, #0x0                   	// #0
  402dc4:	b9024806 	str	w6, [x0, #584]
  402dc8:	91004340 	add	x0, x26, #0x10
  402dcc:	f9000745 	str	x5, [x26, #8]
  402dd0:	a90153f3 	stp	x19, x20, [sp, #16]
  402dd4:	a9025bf5 	stp	x21, x22, [sp, #32]
  402dd8:	937e7c75 	sbfiz	x21, x3, #2, #32
  402ddc:	937d7f36 	sbfiz	x22, x25, #3, #32
  402de0:	f9001b44 	str	x4, [x26, #48]
  402de4:	a90363f7 	stp	x23, x24, [sp, #48]
  402de8:	b9003b43 	str	w3, [x26, #56]
  402dec:	a90573fb 	stp	x27, x28, [sp, #80]
  402df0:	97fff8b8 	bl	4010d0 <pthread_barrier_init@plt>
  402df4:	aa1603e0 	mov	x0, x22
  402df8:	97fff87e 	bl	400ff0 <_Znwm@plt>
  402dfc:	aa0003f3 	mov	x19, x0
  402e00:	aa1603e2 	mov	x2, x22
  402e04:	52800001 	mov	w1, #0x0                   	// #0
  402e08:	97fff86a 	bl	400fb0 <memset@plt>
  402e0c:	aa1303fc 	mov	x28, x19
  402e10:	aa1503e0 	mov	x0, x21
  402e14:	97fff877 	bl	400ff0 <_Znwm@plt>
  402e18:	aa1503e2 	mov	x2, x21
  402e1c:	aa0003f4 	mov	x20, x0
  402e20:	aa0003f8 	mov	x24, x0
  402e24:	52800001 	mov	w1, #0x0                   	// #0
  402e28:	97fff862 	bl	400fb0 <memset@plt>
  402e2c:	52800017 	mov	w23, #0x0                   	// #0
  402e30:	f0ffffe2 	adrp	x2, 401000 <_ZdlPvm@plt>
  402e34:	9137405b 	add	x27, x2, #0xdd0
  402e38:	b9000317 	str	w23, [x24]
  402e3c:	aa1803e3 	mov	x3, x24
  402e40:	aa1c03e0 	mov	x0, x28
  402e44:	aa1b03e2 	mov	x2, x27
  402e48:	d2800001 	mov	x1, #0x0                   	// #0
  402e4c:	110006f7 	add	w23, w23, #0x1
  402e50:	97fff8b8 	bl	401130 <pthread_create@plt>
  402e54:	9100239c 	add	x28, x28, #0x8
  402e58:	91001318 	add	x24, x24, #0x4
  402e5c:	6b17033f 	cmp	w25, w23
  402e60:	54fffec1 	b.ne	402e38 <_Z20gauss_pthread_cyclicPfS_ii+0xa8>  // b.any
  402e64:	d10012a1 	sub	x1, x21, #0x4
  402e68:	d2800017 	mov	x23, #0x0                   	// #0
  402e6c:	8b010280 	add	x0, x20, x1
  402e70:	b8216a99 	str	w25, [x20, x1]
  402e74:	97fffbd7 	bl	401dd0 <_Z21pthread_worker_cyclicPv>
  402e78:	f8777a60 	ldr	x0, [x19, x23, lsl #3]
  402e7c:	d2800001 	mov	x1, #0x0                   	// #0
  402e80:	97fff854 	bl	400fd0 <pthread_join@plt>
  402e84:	910006f7 	add	x23, x23, #0x1
  402e88:	6b17033f 	cmp	w25, w23
  402e8c:	54ffff6c 	b.gt	402e78 <_Z20gauss_pthread_cyclicPfS_ii+0xe8>
  402e90:	91004340 	add	x0, x26, #0x10
  402e94:	97fff85f 	bl	401010 <pthread_barrier_destroy@plt>
  402e98:	d00000e0 	adrp	x0, 420000 <_ZNSt6chrono3_V212system_clock3nowEv@GLIBCXX_3.4.19>
  402e9c:	f940074b 	ldr	x11, [x26, #8]
  402ea0:	b9424805 	ldr	w5, [x0, #584]
  402ea4:	f9401b4e 	ldr	x14, [x26, #48]
  402ea8:	710004a1 	subs	w1, w5, #0x1
  402eac:	540009a4 	b.mi	402fe0 <_Z20gauss_pthread_cyclicPfS_ii+0x250>  // b.first
  402eb0:	1b017ca0 	mul	w0, w5, w1
  402eb4:	4b0503ec 	neg	w12, w5
  402eb8:	93407ca3 	sxtw	x3, w5
  402ebc:	2a2503ed 	mvn	w13, w5
  402ec0:	93407d8c 	sxtw	x12, w12
  402ec4:	2a0003e7 	mov	w7, w0
  402ec8:	93407c00 	sxtw	x0, w0
  402ecc:	d100058c 	sub	x12, x12, #0x1
  402ed0:	8b21c001 	add	x1, x0, w1, sxtw
  402ed4:	8b000060 	add	x0, x3, x0
  402ed8:	d37ef58c 	lsl	x12, x12, #2
  402edc:	8b0309c3 	add	x3, x14, x3, lsl #2
  402ee0:	8b010968 	add	x8, x11, x1, lsl #2
  402ee4:	8b000960 	add	x0, x11, x0, lsl #2
  402ee8:	937e7dad 	sbfiz	x13, x13, #2, #32
  402eec:	2a0503e6 	mov	w6, w5
  402ef0:	52800004 	mov	w4, #0x0                   	// #0
  402ef4:	d503201f 	nop
  402ef8:	2a0603e1 	mov	w1, w6
  402efc:	bc5fc060 	ldur	s0, [x3, #-4]
  402f00:	6b0600bf 	cmp	w5, w6
  402f04:	540005ad 	b.le	402fb8 <_Z20gauss_pthread_cyclicPfS_ii+0x228>
  402f08:	51000482 	sub	w2, w4, #0x1
  402f0c:	7100085f 	cmp	w2, #0x2
  402f10:	540002c9 	b.ls	402f68 <_Z20gauss_pthread_cyclicPfS_ii+0x1d8>  // b.plast
  402f14:	53027c82 	lsr	w2, w4, #2
  402f18:	d2800001 	mov	x1, #0x0                   	// #0
  402f1c:	d37cec42 	lsl	x2, x2, #4
  402f20:	3ce16802 	ldr	q2, [x0, x1]
  402f24:	3ce16861 	ldr	q1, [x3, x1]
  402f28:	91004021 	add	x1, x1, #0x10
  402f2c:	6e22dc21 	fmul	v1.4s, v1.4s, v2.4s
  402f30:	5e040424 	mov	s4, v1.s[0]
  402f34:	5e0c0423 	mov	s3, v1.s[1]
  402f38:	5e140422 	mov	s2, v1.s[2]
  402f3c:	5e1c0421 	mov	s1, v1.s[3]
  402f40:	1e243800 	fsub	s0, s0, s4
  402f44:	1e233800 	fsub	s0, s0, s3
  402f48:	1e223800 	fsub	s0, s0, s2
  402f4c:	1e213800 	fsub	s0, s0, s1
  402f50:	eb01005f 	cmp	x2, x1
  402f54:	54fffe61 	b.ne	402f20 <_Z20gauss_pthread_cyclicPfS_ii+0x190>  // b.any
  402f58:	121e7482 	and	w2, w4, #0xfffffffc
  402f5c:	0b0200c1 	add	w1, w6, w2
  402f60:	6b04005f 	cmp	w2, w4
  402f64:	540002a0 	b.eq	402fb8 <_Z20gauss_pthread_cyclicPfS_ii+0x228>  // b.none
  402f68:	0b07002a 	add	w10, w1, w7
  402f6c:	bc61d9c1 	ldr	s1, [x14, w1, sxtw #2]
  402f70:	11000422 	add	w2, w1, #0x1
  402f74:	937e7c29 	sbfiz	x9, x1, #2, #32
  402f78:	bc6ad962 	ldr	s2, [x11, w10, sxtw #2]
  402f7c:	1f018040 	fmsub	s0, s2, s1, s0
  402f80:	6b0200bf 	cmp	w5, w2
  402f84:	540001ad 	b.le	402fb8 <_Z20gauss_pthread_cyclicPfS_ii+0x228>
  402f88:	8b0901c9 	add	x9, x14, x9
  402f8c:	0b070042 	add	w2, w2, w7
  402f90:	11000821 	add	w1, w1, #0x2
  402f94:	bc62d961 	ldr	s1, [x11, w2, sxtw #2]
  402f98:	bd400522 	ldr	s2, [x9, #4]
  402f9c:	1f018040 	fmsub	s0, s2, s1, s0
  402fa0:	6b0100bf 	cmp	w5, w1
  402fa4:	540000ad 	b.le	402fb8 <_Z20gauss_pthread_cyclicPfS_ii+0x228>
  402fa8:	0b070021 	add	w1, w1, w7
  402fac:	bd400922 	ldr	s2, [x9, #8]
  402fb0:	bc61d961 	ldr	s1, [x11, w1, sxtw #2]
  402fb4:	1f018040 	fmsub	s0, s2, s1, s0
  402fb8:	bd400101 	ldr	s1, [x8]
  402fbc:	11000484 	add	w4, w4, #0x1
  402fc0:	510004c6 	sub	w6, w6, #0x1
  402fc4:	4b0500e7 	sub	w7, w7, w5
  402fc8:	8b0c0000 	add	x0, x0, x12
  402fcc:	8b0d0108 	add	x8, x8, x13
  402fd0:	1e211800 	fdiv	s0, s0, s1
  402fd4:	bc1fcc60 	str	s0, [x3, #-4]!
  402fd8:	6b05009f 	cmp	w4, w5
  402fdc:	54fff8e1 	b.ne	402ef8 <_Z20gauss_pthread_cyclicPfS_ii+0x168>  // b.any
  402fe0:	aa1503e1 	mov	x1, x21
  402fe4:	aa1403e0 	mov	x0, x20
  402fe8:	97fff806 	bl	401000 <_ZdlPvm@plt>
  402fec:	aa1603e1 	mov	x1, x22
  402ff0:	aa1303e0 	mov	x0, x19
  402ff4:	a94153f3 	ldp	x19, x20, [sp, #16]
  402ff8:	a9425bf5 	ldp	x21, x22, [sp, #32]
  402ffc:	a94363f7 	ldp	x23, x24, [sp, #48]
  403000:	a9446bf9 	ldp	x25, x26, [sp, #64]
  403004:	a94573fb 	ldp	x27, x28, [sp, #80]
  403008:	a8c67bfd 	ldp	x29, x30, [sp], #96
  40300c:	17fff7fd 	b	401000 <_ZdlPvm@plt>
  403010:	17fffe7d 	b	402a04 <_Z12gauss_serialPfS_i>
  403014:	aa0003e2 	mov	x2, x0
  403018:	aa1503e1 	mov	x1, x21
  40301c:	aa1403e0 	mov	x0, x20
  403020:	aa0203f4 	mov	x20, x2
  403024:	97fff7f7 	bl	401000 <_ZdlPvm@plt>
  403028:	aa1603e1 	mov	x1, x22
  40302c:	aa1303e0 	mov	x0, x19
  403030:	97fff7f4 	bl	401000 <_ZdlPvm@plt>
  403034:	aa1403e0 	mov	x0, x20
  403038:	97fff836 	bl	401110 <_Unwind_Resume@plt>
  40303c:	aa0003f4 	mov	x20, x0
  403040:	17fffffa 	b	403028 <_Z20gauss_pthread_cyclicPfS_ii+0x298>

0000000000403044 <_Z19gauss_pthread_blockPfS_ii>:
  403044:	7100047f 	cmp	w3, #0x1
  403048:	5400140d 	b.le	4032c8 <_Z19gauss_pthread_blockPfS_ii+0x284>
  40304c:	a9ba7bfd 	stp	x29, x30, [sp, #-96]!
  403050:	aa0003e5 	mov	x5, x0
  403054:	aa0103e4 	mov	x4, x1
  403058:	910003fd 	mov	x29, sp
  40305c:	2a0203e6 	mov	w6, w2
  403060:	b00000e0 	adrp	x0, 420000 <_ZNSt6chrono3_V212system_clock3nowEv@GLIBCXX_3.4.19>
  403064:	a9046bf9 	stp	x25, x26, [sp, #64]
  403068:	9109201a 	add	x26, x0, #0x248
  40306c:	2a0303e2 	mov	w2, w3
  403070:	51000479 	sub	w25, w3, #0x1
  403074:	d2800001 	mov	x1, #0x0                   	// #0
  403078:	b9024806 	str	w6, [x0, #584]
  40307c:	91010340 	add	x0, x26, #0x40
  403080:	f9000745 	str	x5, [x26, #8]
  403084:	a90153f3 	stp	x19, x20, [sp, #16]
  403088:	a9025bf5 	stp	x21, x22, [sp, #32]
  40308c:	937e7c75 	sbfiz	x21, x3, #2, #32
  403090:	937d7f36 	sbfiz	x22, x25, #3, #32
  403094:	f9001b44 	str	x4, [x26, #48]
  403098:	a90363f7 	stp	x23, x24, [sp, #48]
  40309c:	b9003b43 	str	w3, [x26, #56]
  4030a0:	a90573fb 	stp	x27, x28, [sp, #80]
  4030a4:	97fff80b 	bl	4010d0 <pthread_barrier_init@plt>
  4030a8:	aa1603e0 	mov	x0, x22
  4030ac:	97fff7d1 	bl	400ff0 <_Znwm@plt>
  4030b0:	aa0003f3 	mov	x19, x0
  4030b4:	aa1603e2 	mov	x2, x22
  4030b8:	52800001 	mov	w1, #0x0                   	// #0
  4030bc:	97fff7bd 	bl	400fb0 <memset@plt>
  4030c0:	aa1303fc 	mov	x28, x19
  4030c4:	aa1503e0 	mov	x0, x21
  4030c8:	97fff7ca 	bl	400ff0 <_Znwm@plt>
  4030cc:	aa1503e2 	mov	x2, x21
  4030d0:	aa0003f4 	mov	x20, x0
  4030d4:	aa0003f8 	mov	x24, x0
  4030d8:	52800001 	mov	w1, #0x0                   	// #0
  4030dc:	97fff7b5 	bl	400fb0 <memset@plt>
  4030e0:	52800017 	mov	w23, #0x0                   	// #0
  4030e4:	f0ffffe2 	adrp	x2, 402000 <_Z21pthread_worker_cyclicPv+0x230>
  4030e8:	9107005b 	add	x27, x2, #0x1c0
  4030ec:	d503201f 	nop
  4030f0:	b9000317 	str	w23, [x24]
  4030f4:	aa1803e3 	mov	x3, x24
  4030f8:	aa1c03e0 	mov	x0, x28
  4030fc:	aa1b03e2 	mov	x2, x27
  403100:	d2800001 	mov	x1, #0x0                   	// #0
  403104:	110006f7 	add	w23, w23, #0x1
  403108:	97fff80a 	bl	401130 <pthread_create@plt>
  40310c:	9100239c 	add	x28, x28, #0x8
  403110:	91001318 	add	x24, x24, #0x4
  403114:	6b17033f 	cmp	w25, w23
  403118:	54fffec1 	b.ne	4030f0 <_Z19gauss_pthread_blockPfS_ii+0xac>  // b.any
  40311c:	d10012a1 	sub	x1, x21, #0x4
  403120:	d2800017 	mov	x23, #0x0                   	// #0
  403124:	8b010280 	add	x0, x20, x1
  403128:	b8216a99 	str	w25, [x20, x1]
  40312c:	97fffc25 	bl	4021c0 <_Z20pthread_worker_blockPv>
  403130:	f8777a60 	ldr	x0, [x19, x23, lsl #3]
  403134:	d2800001 	mov	x1, #0x0                   	// #0
  403138:	97fff7a6 	bl	400fd0 <pthread_join@plt>
  40313c:	910006f7 	add	x23, x23, #0x1
  403140:	6b17033f 	cmp	w25, w23
  403144:	54ffff6c 	b.gt	403130 <_Z19gauss_pthread_blockPfS_ii+0xec>
  403148:	91010340 	add	x0, x26, #0x40
  40314c:	97fff7b1 	bl	401010 <pthread_barrier_destroy@plt>
  403150:	b00000e0 	adrp	x0, 420000 <_ZNSt6chrono3_V212system_clock3nowEv@GLIBCXX_3.4.19>
  403154:	f940074b 	ldr	x11, [x26, #8]
  403158:	b9424805 	ldr	w5, [x0, #584]
  40315c:	f9401b4e 	ldr	x14, [x26, #48]
  403160:	710004a1 	subs	w1, w5, #0x1
  403164:	540009a4 	b.mi	403298 <_Z19gauss_pthread_blockPfS_ii+0x254>  // b.first
  403168:	1b017ca0 	mul	w0, w5, w1
  40316c:	4b0503ec 	neg	w12, w5
  403170:	93407ca3 	sxtw	x3, w5
  403174:	2a2503ed 	mvn	w13, w5
  403178:	93407d8c 	sxtw	x12, w12
  40317c:	2a0003e7 	mov	w7, w0
  403180:	93407c00 	sxtw	x0, w0
  403184:	d100058c 	sub	x12, x12, #0x1
  403188:	8b21c001 	add	x1, x0, w1, sxtw
  40318c:	8b000060 	add	x0, x3, x0
  403190:	d37ef58c 	lsl	x12, x12, #2
  403194:	8b0309c3 	add	x3, x14, x3, lsl #2
  403198:	8b010968 	add	x8, x11, x1, lsl #2
  40319c:	8b000960 	add	x0, x11, x0, lsl #2
  4031a0:	937e7dad 	sbfiz	x13, x13, #2, #32
  4031a4:	2a0503e6 	mov	w6, w5
  4031a8:	52800004 	mov	w4, #0x0                   	// #0
  4031ac:	d503201f 	nop
  4031b0:	2a0603e1 	mov	w1, w6
  4031b4:	bc5fc060 	ldur	s0, [x3, #-4]
  4031b8:	6b0600bf 	cmp	w5, w6
  4031bc:	540005ad 	b.le	403270 <_Z19gauss_pthread_blockPfS_ii+0x22c>
  4031c0:	51000482 	sub	w2, w4, #0x1
  4031c4:	7100085f 	cmp	w2, #0x2
  4031c8:	540002c9 	b.ls	403220 <_Z19gauss_pthread_blockPfS_ii+0x1dc>  // b.plast
  4031cc:	53027c82 	lsr	w2, w4, #2
  4031d0:	d2800001 	mov	x1, #0x0                   	// #0
  4031d4:	d37cec42 	lsl	x2, x2, #4
  4031d8:	3ce16802 	ldr	q2, [x0, x1]
  4031dc:	3ce16861 	ldr	q1, [x3, x1]
  4031e0:	91004021 	add	x1, x1, #0x10
  4031e4:	6e22dc21 	fmul	v1.4s, v1.4s, v2.4s
  4031e8:	5e040424 	mov	s4, v1.s[0]
  4031ec:	5e0c0423 	mov	s3, v1.s[1]
  4031f0:	5e140422 	mov	s2, v1.s[2]
  4031f4:	5e1c0421 	mov	s1, v1.s[3]
  4031f8:	1e243800 	fsub	s0, s0, s4
  4031fc:	1e233800 	fsub	s0, s0, s3
  403200:	1e223800 	fsub	s0, s0, s2
  403204:	1e213800 	fsub	s0, s0, s1
  403208:	eb01005f 	cmp	x2, x1
  40320c:	54fffe61 	b.ne	4031d8 <_Z19gauss_pthread_blockPfS_ii+0x194>  // b.any
  403210:	121e7482 	and	w2, w4, #0xfffffffc
  403214:	0b0200c1 	add	w1, w6, w2
  403218:	6b04005f 	cmp	w2, w4
  40321c:	540002a0 	b.eq	403270 <_Z19gauss_pthread_blockPfS_ii+0x22c>  // b.none
  403220:	0b07002a 	add	w10, w1, w7
  403224:	bc61d9c1 	ldr	s1, [x14, w1, sxtw #2]
  403228:	11000422 	add	w2, w1, #0x1
  40322c:	937e7c29 	sbfiz	x9, x1, #2, #32
  403230:	bc6ad962 	ldr	s2, [x11, w10, sxtw #2]
  403234:	1f018040 	fmsub	s0, s2, s1, s0
  403238:	6b0200bf 	cmp	w5, w2
  40323c:	540001ad 	b.le	403270 <_Z19gauss_pthread_blockPfS_ii+0x22c>
  403240:	8b0901c9 	add	x9, x14, x9
  403244:	0b070042 	add	w2, w2, w7
  403248:	11000821 	add	w1, w1, #0x2
  40324c:	bc62d961 	ldr	s1, [x11, w2, sxtw #2]
  403250:	bd400522 	ldr	s2, [x9, #4]
  403254:	1f018040 	fmsub	s0, s2, s1, s0
  403258:	6b0100bf 	cmp	w5, w1
  40325c:	540000ad 	b.le	403270 <_Z19gauss_pthread_blockPfS_ii+0x22c>
  403260:	0b070021 	add	w1, w1, w7
  403264:	bd400922 	ldr	s2, [x9, #8]
  403268:	bc61d961 	ldr	s1, [x11, w1, sxtw #2]
  40326c:	1f018040 	fmsub	s0, s2, s1, s0
  403270:	bd400101 	ldr	s1, [x8]
  403274:	11000484 	add	w4, w4, #0x1
  403278:	510004c6 	sub	w6, w6, #0x1
  40327c:	4b0500e7 	sub	w7, w7, w5
  403280:	8b0c0000 	add	x0, x0, x12
  403284:	8b0d0108 	add	x8, x8, x13
  403288:	1e211800 	fdiv	s0, s0, s1
  40328c:	bc1fcc60 	str	s0, [x3, #-4]!
  403290:	6b05009f 	cmp	w4, w5
  403294:	54fff8e1 	b.ne	4031b0 <_Z19gauss_pthread_blockPfS_ii+0x16c>  // b.any
  403298:	aa1503e1 	mov	x1, x21
  40329c:	aa1403e0 	mov	x0, x20
  4032a0:	97fff758 	bl	401000 <_ZdlPvm@plt>
  4032a4:	aa1603e1 	mov	x1, x22
  4032a8:	aa1303e0 	mov	x0, x19
  4032ac:	a94153f3 	ldp	x19, x20, [sp, #16]
  4032b0:	a9425bf5 	ldp	x21, x22, [sp, #32]
  4032b4:	a94363f7 	ldp	x23, x24, [sp, #48]
  4032b8:	a9446bf9 	ldp	x25, x26, [sp, #64]
  4032bc:	a94573fb 	ldp	x27, x28, [sp, #80]
  4032c0:	a8c67bfd 	ldp	x29, x30, [sp], #96
  4032c4:	17fff74f 	b	401000 <_ZdlPvm@plt>
  4032c8:	17fffdcf 	b	402a04 <_Z12gauss_serialPfS_i>
  4032cc:	aa0003e2 	mov	x2, x0
  4032d0:	aa1503e1 	mov	x1, x21
  4032d4:	aa1403e0 	mov	x0, x20
  4032d8:	aa0203f4 	mov	x20, x2
  4032dc:	97fff749 	bl	401000 <_ZdlPvm@plt>
  4032e0:	aa1603e1 	mov	x1, x22
  4032e4:	aa1303e0 	mov	x0, x19
  4032e8:	97fff746 	bl	401000 <_ZdlPvm@plt>
  4032ec:	aa1403e0 	mov	x0, x20
  4032f0:	97fff788 	bl	401110 <_Unwind_Resume@plt>
  4032f4:	aa0003f4 	mov	x20, x0
  4032f8:	17fffffa 	b	4032e0 <_Z19gauss_pthread_blockPfS_ii+0x29c>
  4032fc:	d503201f 	nop

0000000000403300 <_Z19gauss_openmp_cyclicPfS_ii>:
  403300:	7100047f 	cmp	w3, #0x1
  403304:	54000c6d 	b.le	403490 <_Z19gauss_openmp_cyclicPfS_ii+0x190>
  403308:	a9bb7bfd 	stp	x29, x30, [sp, #-80]!
  40330c:	910003fd 	mov	x29, sp
  403310:	a90153f3 	stp	x19, x20, [sp, #16]
  403314:	2a0203f3 	mov	w19, w2
  403318:	aa0003f4 	mov	x20, x0
  40331c:	2a0303e0 	mov	w0, w3
  403320:	f90013f5 	str	x21, [sp, #32]
  403324:	aa0103f5 	mov	x21, x1
  403328:	97fff73e 	bl	401020 <omp_set_num_threads@plt>
  40332c:	52800002 	mov	w2, #0x0                   	// #0
  403330:	9100e3e1 	add	x1, sp, #0x38
  403334:	52800003 	mov	w3, #0x0                   	// #0
  403338:	f0ffffe0 	adrp	x0, 402000 <_Z21pthread_worker_cyclicPv+0x230>
  40333c:	9117d000 	add	x0, x0, #0x5f4
  403340:	a903d7f4 	stp	x20, x21, [sp, #56]
  403344:	b9004bf3 	str	w19, [sp, #72]
  403348:	97fff74e 	bl	401080 <GOMP_parallel@plt>
  40334c:	71000662 	subs	w2, w19, #0x1
  403350:	54000984 	b.mi	403480 <_Z19gauss_openmp_cyclicPfS_ii+0x180>  // b.first
  403354:	1b027e63 	mul	w3, w19, w2
  403358:	4b1303ea 	neg	w10, w19
  40335c:	93407e65 	sxtw	x5, w19
  403360:	2a3303eb 	mvn	w11, w19
  403364:	93407d4a 	sxtw	x10, w10
  403368:	2a0303e8 	mov	w8, w3
  40336c:	93407c63 	sxtw	x3, w3
  403370:	d100054a 	sub	x10, x10, #0x1
  403374:	8b22c062 	add	x2, x3, w2, sxtw
  403378:	8b0300a3 	add	x3, x5, x3
  40337c:	d37ef54a 	lsl	x10, x10, #2
  403380:	8b050aa5 	add	x5, x21, x5, lsl #2
  403384:	8b020a89 	add	x9, x20, x2, lsl #2
  403388:	8b030a86 	add	x6, x20, x3, lsl #2
  40338c:	937e7d6b 	sbfiz	x11, x11, #2, #32
  403390:	2a1303e2 	mov	w2, w19
  403394:	52800007 	mov	w7, #0x0                   	// #0
  403398:	2a0203e3 	mov	w3, w2
  40339c:	bc5fc0a0 	ldur	s0, [x5, #-4]
  4033a0:	6b02027f 	cmp	w19, w2
  4033a4:	540005ad 	b.le	403458 <_Z19gauss_openmp_cyclicPfS_ii+0x158>
  4033a8:	510004e0 	sub	w0, w7, #0x1
  4033ac:	7100081f 	cmp	w0, #0x2
  4033b0:	540002c9 	b.ls	403408 <_Z19gauss_openmp_cyclicPfS_ii+0x108>  // b.plast
  4033b4:	53027ce4 	lsr	w4, w7, #2
  4033b8:	d2800003 	mov	x3, #0x0                   	// #0
  4033bc:	d37cec84 	lsl	x4, x4, #4
  4033c0:	3ce368a2 	ldr	q2, [x5, x3]
  4033c4:	3ce368c1 	ldr	q1, [x6, x3]
  4033c8:	91004063 	add	x3, x3, #0x10
  4033cc:	6e22dc21 	fmul	v1.4s, v1.4s, v2.4s
  4033d0:	5e040424 	mov	s4, v1.s[0]
  4033d4:	5e0c0423 	mov	s3, v1.s[1]
  4033d8:	5e140422 	mov	s2, v1.s[2]
  4033dc:	5e1c0421 	mov	s1, v1.s[3]
  4033e0:	1e243800 	fsub	s0, s0, s4
  4033e4:	1e233800 	fsub	s0, s0, s3
  4033e8:	1e223800 	fsub	s0, s0, s2
  4033ec:	1e213800 	fsub	s0, s0, s1
  4033f0:	eb03009f 	cmp	x4, x3
  4033f4:	54fffe61 	b.ne	4033c0 <_Z19gauss_openmp_cyclicPfS_ii+0xc0>  // b.any
  4033f8:	121e74e0 	and	w0, w7, #0xfffffffc
  4033fc:	0b000043 	add	w3, w2, w0
  403400:	6b0000ff 	cmp	w7, w0
  403404:	540002a0 	b.eq	403458 <_Z19gauss_openmp_cyclicPfS_ii+0x158>  // b.none
  403408:	0b080061 	add	w1, w3, w8
  40340c:	bc63daa1 	ldr	s1, [x21, w3, sxtw #2]
  403410:	11000464 	add	w4, w3, #0x1
  403414:	937e7c60 	sbfiz	x0, x3, #2, #32
  403418:	bc61da82 	ldr	s2, [x20, w1, sxtw #2]
  40341c:	1f018040 	fmsub	s0, s2, s1, s0
  403420:	6b04027f 	cmp	w19, w4
  403424:	540001ad 	b.le	403458 <_Z19gauss_openmp_cyclicPfS_ii+0x158>
  403428:	0b080084 	add	w4, w4, w8
  40342c:	8b0002a0 	add	x0, x21, x0
  403430:	11000863 	add	w3, w3, #0x2
  403434:	bc64da82 	ldr	s2, [x20, w4, sxtw #2]
  403438:	bd400401 	ldr	s1, [x0, #4]
  40343c:	1f018040 	fmsub	s0, s2, s1, s0
  403440:	6b03027f 	cmp	w19, w3
  403444:	540000ad 	b.le	403458 <_Z19gauss_openmp_cyclicPfS_ii+0x158>
  403448:	0b030103 	add	w3, w8, w3
  40344c:	bd400802 	ldr	s2, [x0, #8]
  403450:	bc63da81 	ldr	s1, [x20, w3, sxtw #2]
  403454:	1f018040 	fmsub	s0, s2, s1, s0
  403458:	bd400121 	ldr	s1, [x9]
  40345c:	110004e7 	add	w7, w7, #0x1
  403460:	51000442 	sub	w2, w2, #0x1
  403464:	4b130108 	sub	w8, w8, w19
  403468:	8b0a00c6 	add	x6, x6, x10
  40346c:	8b0b0129 	add	x9, x9, x11
  403470:	1e211800 	fdiv	s0, s0, s1
  403474:	bc1fcca0 	str	s0, [x5, #-4]!
  403478:	6b1300ff 	cmp	w7, w19
  40347c:	54fff8e1 	b.ne	403398 <_Z19gauss_openmp_cyclicPfS_ii+0x98>  // b.any
  403480:	a94153f3 	ldp	x19, x20, [sp, #16]
  403484:	f94013f5 	ldr	x21, [sp, #32]
  403488:	a8c57bfd 	ldp	x29, x30, [sp], #80
  40348c:	d65f03c0 	ret
  403490:	17fffd5d 	b	402a04 <_Z12gauss_serialPfS_i>

0000000000403494 <_Z13generate_datai>:
  403494:	d284f40c 	mov	x12, #0x27a0                	// #10144
  403498:	cb2c63ff 	sub	sp, sp, x12
  40349c:	a9007bfd 	stp	x29, x30, [sp]
  4034a0:	910003fd 	mov	x29, sp
  4034a4:	a90153f3 	stp	x19, x20, [sp, #16]
  4034a8:	93407c14 	sxtw	x20, w0
  4034ac:	d2800800 	mov	x0, #0x40                  	// #64
  4034b0:	a90363f7 	stp	x23, x24, [sp, #48]
  4034b4:	91004117 	add	x23, x8, #0x10
  4034b8:	1b147e81 	mul	w1, w20, w20
  4034bc:	a9025bf5 	stp	x21, x22, [sp, #32]
  4034c0:	aa0803f5 	mov	x21, x8
  4034c4:	937e7e96 	sbfiz	x22, x20, #2, #32
  4034c8:	a9017d1f 	stp	xzr, xzr, [x8, #16]
  4034cc:	937e7c21 	sbfiz	x1, x1, #2, #32
  4034d0:	aa1403f3 	mov	x19, x20
  4034d4:	f9000aff 	str	xzr, [x23, #16]
  4034d8:	b9002914 	str	w20, [x8, #40]
  4034dc:	97fff6a5 	bl	400f70 <aligned_alloc@plt>
  4034e0:	f90002a0 	str	x0, [x21]
  4034e4:	aa1603e1 	mov	x1, x22
  4034e8:	d2800800 	mov	x0, #0x40                  	// #64
  4034ec:	97fff6a1 	bl	400f70 <aligned_alloc@plt>
  4034f0:	f90006a0 	str	x0, [x21, #8]
  4034f4:	b5001e14 	cbnz	x20, 4038b4 <_Z13generate_datai+0x420>
  4034f8:	90000002 	adrp	x2, 403000 <_Z20gauss_pthread_cyclicPfS_ii+0x270>
  4034fc:	913a0042 	add	x2, x2, #0xe80
  403500:	d2828300 	mov	x0, #0x1418                	// #5144
  403504:	8b2063f4 	add	x20, sp, x0
  403508:	91004283 	add	x3, x20, #0x10
  40350c:	f90a0fe3 	str	x3, [sp, #5144]
  403510:	b9400044 	ldr	w4, [x2]
  403514:	aa1403e1 	mov	x1, x20
  403518:	b9142be4 	str	w4, [sp, #5160]
  40351c:	910243e0 	add	x0, sp, #0x90
  403520:	d28000e4 	mov	x4, #0x7                   	// #7
  403524:	f90a13e4 	str	x4, [sp, #5152]
  403528:	d2820204 	mov	x4, #0x1010                	// #4112
  40352c:	8b2463e4 	add	x4, sp, x4
  403530:	b8403042 	ldur	w2, [x2, #3]
  403534:	39107c9f 	strb	wzr, [x4, #1055]
  403538:	b8003062 	stur	w2, [x3, #3]
  40353c:	97fff6ed 	bl	4010f0 <_ZNSt13random_device7_M_initERKNSt7__cxx1112basic_stringIcSt11char_traitsIcESaIcEEE@plt>
  403540:	f94a0fe0 	ldr	x0, [sp, #5144]
  403544:	91004281 	add	x1, x20, #0x10
  403548:	eb01001f 	cmp	x0, x1
  40354c:	54000080 	b.eq	40355c <_Z13generate_datai+0xc8>  // b.none
  403550:	f94a17e1 	ldr	x1, [sp, #5160]
  403554:	91000421 	add	x1, x1, #0x1
  403558:	97fff6aa 	bl	401000 <_ZdlPvm@plt>
  40355c:	910243e0 	add	x0, sp, #0x90
  403560:	97fff6c4 	bl	401070 <_ZNSt13random_device9_M_getvalEv@plt>
  403564:	d2912ca3 	mov	x3, #0x8965                	// #35173
  403568:	91002282 	add	x2, x20, #0x8
  40356c:	2a0003e1 	mov	w1, w0
  403570:	f2ad80e3 	movk	x3, #0x6c07, lsl #16
  403574:	d2800020 	mov	x0, #0x1                   	// #1
  403578:	f90a0fe1 	str	x1, [sp, #5144]
  40357c:	d503201f 	nop
  403580:	ca417821 	eor	x1, x1, x1, lsr #30
  403584:	1b030021 	madd	w1, w1, w3, w0
  403588:	91000400 	add	x0, x0, #0x1
  40358c:	f8008441 	str	x1, [x2], #8
  403590:	f109c01f 	cmp	x0, #0x270
  403594:	54ffff61 	b.ne	403580 <_Z13generate_datai+0xec>  // b.any
  403598:	f913cfe0 	str	x0, [sp, #10136]
  40359c:	7100027f 	cmp	w19, #0x0
  4035a0:	54000ded 	b.le	40375c <_Z13generate_datai+0x2c8>
  4035a4:	51000661 	sub	w1, w19, #0x1
  4035a8:	529fffc2 	mov	w2, #0xfffe                	// #65534
  4035ac:	a90573fb 	stp	x27, x28, [sp, #80]
  4035b0:	d28ad01c 	mov	x28, #0x5680                	// #22144
  4035b4:	72a7efe2 	movk	w2, #0x3f7f, lsl #16
  4035b8:	d37e7e78 	ubfiz	x24, x19, #2, #32
  4035bc:	f2b3a59c 	movk	x28, #0x9d2c, lsl #16
  4035c0:	d2bdf8db 	mov	x27, #0xefc60000            	// #4022730752
  4035c4:	a9046bf9 	stp	x25, x26, [sp, #64]
  4035c8:	d2800019 	mov	x25, #0x0                   	// #0
  4035cc:	6d0627e8 	stp	d8, d9, [sp, #96]
  4035d0:	1e270048 	fmov	s8, w2
  4035d4:	fd003bea 	str	d10, [sp, #112]
  4035d8:	0f00040a 	movi	v10.2s, #0x0
  4035dc:	b9008fe1 	str	w1, [sp, #140]
  4035e0:	52a5f001 	mov	w1, #0x2f800000            	// #796917760
  4035e4:	1e270029 	fmov	s9, w1
  4035e8:	14000018 	b	403648 <_Z13generate_datai+0x1b4>
  4035ec:	f8607a81 	ldr	x1, [x20, x0, lsl #3]
  4035f0:	1e2e1001 	fmov	s1, #1.000000000000000000e+00
  4035f4:	91000400 	add	x0, x0, #0x1
  4035f8:	f913cfe0 	str	x0, [sp, #10136]
  4035fc:	d34ba822 	ubfx	x2, x1, #11, #32
  403600:	ca020021 	eor	x1, x1, x2
  403604:	8a011f82 	and	x2, x28, x1, lsl #7
  403608:	ca020021 	eor	x1, x1, x2
  40360c:	8a013f62 	and	x2, x27, x1, lsl #15
  403610:	ca020021 	eor	x1, x1, x2
  403614:	ca414821 	eor	x1, x1, x1, lsr #18
  403618:	9e230020 	ucvtf	s0, x1
  40361c:	1e2a2800 	fadd	s0, s0, s10
  403620:	1e290800 	fmul	s0, s0, s9
  403624:	1e212010 	fcmpe	s0, s1
  403628:	54000aea 	b.ge	403784 <_Z13generate_datai+0x2f0>  // b.tcont
  40362c:	1e201002 	fmov	s2, #2.000000000000000000e+00
  403630:	1e3e1001 	fmov	s1, #-1.000000000000000000e+00
  403634:	91001339 	add	x25, x25, #0x4
  403638:	1f020400 	fmadd	s0, s0, s2, s1
  40363c:	bd000340 	str	s0, [x26]
  403640:	eb18033f 	cmp	x25, x24
  403644:	54000a80 	b.eq	403794 <_Z13generate_datai+0x300>  // b.none
  403648:	f94002fa 	ldr	x26, [x23]
  40364c:	8b19035a 	add	x26, x26, x25
  403650:	f109bc1f 	cmp	x0, #0x26f
  403654:	54fffcc9 	b.ls	4035ec <_Z13generate_datai+0x158>  // b.plast
  403658:	aa1403e0 	mov	x0, x20
  40365c:	94000195 	bl	403cb0 <_ZNSt23mersenne_twister_engineImLm32ELm624ELm397ELm31ELm2567483615ELm11ELm4294967295ELm7ELm2636928640ELm15ELm4022730752ELm18ELm1812433253EE11_M_gen_randEv>
  403660:	f953cfe0 	ldr	x0, [sp, #10136]
  403664:	17ffffe2 	b	4035ec <_Z13generate_datai+0x158>
  403668:	a9408eac 	ldp	x12, x3, [x21, #8]
  40366c:	53027e64 	lsr	w4, w19, #2
  403670:	aa0603e2 	mov	x2, x6
  403674:	121e766b 	and	w11, w19, #0xfffffffc
  403678:	d37cec84 	lsl	x4, x4, #4
  40367c:	52800005 	mov	w5, #0x0                   	// #0
  403680:	d2800007 	mov	x7, #0x0                   	// #0
  403684:	d503201f 	nop
  403688:	b9408fe0 	ldr	w0, [sp, #140]
  40368c:	0f000404 	movi	v4.2s, #0x0
  403690:	7100081f 	cmp	w0, #0x2
  403694:	540010c9 	b.ls	4038ac <_Z13generate_datai+0x418>  // b.plast
  403698:	d2800000 	mov	x0, #0x0                   	// #0
  40369c:	d503201f 	nop
  4036a0:	3ce06841 	ldr	q1, [x2, x0]
  4036a4:	3ce06860 	ldr	q0, [x3, x0]
  4036a8:	91004000 	add	x0, x0, #0x10
  4036ac:	6e21dc00 	fmul	v0.4s, v0.4s, v1.4s
  4036b0:	5e040403 	mov	s3, v0.s[0]
  4036b4:	5e0c0402 	mov	s2, v0.s[1]
  4036b8:	5e140401 	mov	s1, v0.s[2]
  4036bc:	5e1c0400 	mov	s0, v0.s[3]
  4036c0:	1e242863 	fadd	s3, s3, s4
  4036c4:	1e232842 	fadd	s2, s2, s3
  4036c8:	1e222821 	fadd	s1, s1, s2
  4036cc:	1e202824 	fadd	s4, s1, s0
  4036d0:	eb00009f 	cmp	x4, x0
  4036d4:	54fffe61 	b.ne	4036a0 <_Z13generate_datai+0x20c>  // b.any
  4036d8:	2a0b03e0 	mov	w0, w11
  4036dc:	6b13017f 	cmp	w11, w19
  4036e0:	540002a0 	b.eq	403734 <_Z13generate_datai+0x2a0>  // b.none
  4036e4:	0b0000a9 	add	w9, w5, w0
  4036e8:	bc60d860 	ldr	s0, [x3, w0, sxtw #2]
  4036ec:	937e7c08 	sbfiz	x8, x0, #2, #32
  4036f0:	1100040a 	add	w10, w0, #0x1
  4036f4:	bc69d8c1 	ldr	s1, [x6, w9, sxtw #2]
  4036f8:	1f001024 	fmadd	s4, s1, s0, s4
  4036fc:	6b1a001f 	cmp	w0, w26
  403700:	540001aa 	b.ge	403734 <_Z13generate_datai+0x2a0>  // b.tcont
  403704:	0b0a00aa 	add	w10, w5, w10
  403708:	8b080068 	add	x8, x3, x8
  40370c:	11000800 	add	w0, w0, #0x2
  403710:	bc6ad8c1 	ldr	s1, [x6, w10, sxtw #2]
  403714:	bd400500 	ldr	s0, [x8, #4]
  403718:	1f001024 	fmadd	s4, s1, s0, s4
  40371c:	6b00003f 	cmp	w1, w0
  403720:	540000ad 	b.le	403734 <_Z13generate_datai+0x2a0>
  403724:	0b0000a0 	add	w0, w5, w0
  403728:	bd400901 	ldr	s1, [x8, #8]
  40372c:	bc60d8c0 	ldr	s0, [x6, w0, sxtw #2]
  403730:	1f001024 	fmadd	s4, s1, s0, s4
  403734:	bc277984 	str	s4, [x12, x7, lsl #2]
  403738:	910004e7 	add	x7, x7, #0x1
  40373c:	0b1300a5 	add	w5, w5, w19
  403740:	8b160042 	add	x2, x2, x22
  403744:	6b07003f 	cmp	w1, w7
  403748:	54fffa0c 	b.gt	403688 <_Z13generate_datai+0x1f4>
  40374c:	a9446bf9 	ldp	x25, x26, [sp, #64]
  403750:	a94573fb 	ldp	x27, x28, [sp, #80]
  403754:	6d4627e8 	ldp	d8, d9, [sp, #96]
  403758:	fd403bea 	ldr	d10, [sp, #112]
  40375c:	910243e0 	add	x0, sp, #0x90
  403760:	97fff620 	bl	400fe0 <_ZNSt13random_device7_M_finiEv@plt>
  403764:	aa1503e0 	mov	x0, x21
  403768:	d284f40c 	mov	x12, #0x27a0                	// #10144
  40376c:	a9407bfd 	ldp	x29, x30, [sp]
  403770:	a94153f3 	ldp	x19, x20, [sp, #16]
  403774:	a9425bf5 	ldp	x21, x22, [sp, #32]
  403778:	a94363f7 	ldp	x23, x24, [sp, #48]
  40377c:	8b2c63ff 	add	sp, sp, x12
  403780:	d65f03c0 	ret
  403784:	91001339 	add	x25, x25, #0x4
  403788:	bd000348 	str	s8, [x26]
  40378c:	eb19031f 	cmp	x24, x25
  403790:	54fff5c1 	b.ne	403648 <_Z13generate_datai+0x1b4>  // b.any
  403794:	52a5f000 	mov	w0, #0x2f800000            	// #796917760
  403798:	529fffc1 	mov	w1, #0xfffe                	// #65534
  40379c:	d28ad018 	mov	x24, #0x5680                	// #22144
  4037a0:	72a7efe1 	movk	w1, #0x3f7f, lsl #16
  4037a4:	1e27000a 	fmov	s10, w0
  4037a8:	1e270029 	fmov	s9, w1
  4037ac:	910012c0 	add	x0, x22, #0x4
  4037b0:	5280001c 	mov	w28, #0x0                   	// #0
  4037b4:	d2800017 	mov	x23, #0x0                   	// #0
  4037b8:	5280001b 	mov	w27, #0x0                   	// #0
  4037bc:	f2b3a598 	movk	x24, #0x9d2c, lsl #16
  4037c0:	f90043e0 	str	x0, [sp, #128]
  4037c4:	d503201f 	nop
  4037c8:	0f000408 	movi	v8.2s, #0x0
  4037cc:	5280001a 	mov	w26, #0x0                   	// #0
  4037d0:	d2bdf8d9 	mov	x25, #0xefc60000            	// #4022730752
  4037d4:	1400001e 	b	40384c <_Z13generate_datai+0x3b8>
  4037d8:	f8607a81 	ldr	x1, [x20, x0, lsl #3]
  4037dc:	91000400 	add	x0, x0, #0x1
  4037e0:	f913cfe0 	str	x0, [sp, #10136]
  4037e4:	0f000402 	movi	v2.2s, #0x0
  4037e8:	1e2e1001 	fmov	s1, #1.000000000000000000e+00
  4037ec:	d34ba820 	ubfx	x0, x1, #11, #32
  4037f0:	ca000021 	eor	x1, x1, x0
  4037f4:	8a011f00 	and	x0, x24, x1, lsl #7
  4037f8:	ca000021 	eor	x1, x1, x0
  4037fc:	8a013f20 	and	x0, x25, x1, lsl #15
  403800:	ca000021 	eor	x1, x1, x0
  403804:	ca414821 	eor	x1, x1, x1, lsr #18
  403808:	9e230020 	ucvtf	s0, x1
  40380c:	1e222800 	fadd	s0, s0, s2
  403810:	1e2a0800 	fmul	s0, s0, s10
  403814:	1e212010 	fcmpe	s0, s1
  403818:	5400044a 	b.ge	4038a0 <_Z13generate_datai+0x40c>  // b.tcont
  40381c:	1e201002 	fmov	s2, #2.000000000000000000e+00
  403820:	1e3e1001 	fmov	s1, #-1.000000000000000000e+00
  403824:	1f020400 	fmadd	s0, s0, s2, s1
  403828:	1e20c001 	fabs	s1, s0
  40382c:	1e212908 	fadd	s8, s8, s1
  403830:	0b1c0340 	add	w0, w26, w28
  403834:	f94002a1 	ldr	x1, [x21]
  403838:	bc20d820 	str	s0, [x1, w0, sxtw #2]
  40383c:	11000741 	add	w1, w26, #0x1
  403840:	6b01027f 	cmp	w19, w1
  403844:	54000160 	b.eq	403870 <_Z13generate_datai+0x3dc>  // b.none
  403848:	2a0103fa 	mov	w26, w1
  40384c:	6b1a037f 	cmp	w27, w26
  403850:	54ffff60 	b.eq	40383c <_Z13generate_datai+0x3a8>  // b.none
  403854:	f953cfe0 	ldr	x0, [sp, #10136]
  403858:	f109bc1f 	cmp	x0, #0x26f
  40385c:	54fffbe9 	b.ls	4037d8 <_Z13generate_datai+0x344>  // b.plast
  403860:	aa1403e0 	mov	x0, x20
  403864:	94000113 	bl	403cb0 <_ZNSt23mersenne_twister_engineImLm32ELm624ELm397ELm31ELm2567483615ELm11ELm4294967295ELm7ELm2636928640ELm15ELm4022730752ELm18ELm1812433253EE11_M_gen_randEv>
  403868:	f953cfe0 	ldr	x0, [sp, #10136]
  40386c:	17ffffdb 	b	4037d8 <_Z13generate_datai+0x344>
  403870:	1e2e1000 	fmov	s0, #1.000000000000000000e+00
  403874:	0b13039c 	add	w28, w28, w19
  403878:	f94002a6 	ldr	x6, [x21]
  40387c:	1e202908 	fadd	s8, s8, s0
  403880:	f94043e2 	ldr	x2, [sp, #128]
  403884:	11000760 	add	w0, w27, #0x1
  403888:	bc3768c8 	str	s8, [x6, x23]
  40388c:	8b0202f7 	add	x23, x23, x2
  403890:	6b1a037f 	cmp	w27, w26
  403894:	54ffeea0 	b.eq	403668 <_Z13generate_datai+0x1d4>  // b.none
  403898:	2a0003fb 	mov	w27, w0
  40389c:	17ffffcb 	b	4037c8 <_Z13generate_datai+0x334>
  4038a0:	1e204120 	fmov	s0, s9
  4038a4:	1e204121 	fmov	s1, s9
  4038a8:	17ffffe1 	b	40382c <_Z13generate_datai+0x398>
  4038ac:	52800000 	mov	w0, #0x0                   	// #0
  4038b0:	17ffff8d 	b	4036e4 <_Z13generate_datai+0x250>
  4038b4:	aa1403e1 	mov	x1, x20
  4038b8:	aa1703e0 	mov	x0, x23
  4038bc:	9400004d 	bl	4039f0 <_ZNSt6vectorIfSaIfEE17_M_default_appendEm>
  4038c0:	17ffff0e 	b	4034f8 <_Z13generate_datai+0x64>
  4038c4:	aa0003f3 	mov	x19, x0
  4038c8:	14000004 	b	4038d8 <_Z13generate_datai+0x444>
  4038cc:	aa0003f3 	mov	x19, x0
  4038d0:	910243e0 	add	x0, sp, #0x90
  4038d4:	97fff5c3 	bl	400fe0 <_ZNSt13random_device7_M_finiEv@plt>
  4038d8:	f9400aa0 	ldr	x0, [x21, #16]
  4038dc:	a9046bf9 	stp	x25, x26, [sp, #64]
  4038e0:	f9400ae1 	ldr	x1, [x23, #16]
  4038e4:	a90573fb 	stp	x27, x28, [sp, #80]
  4038e8:	6d0627e8 	stp	d8, d9, [sp, #96]
  4038ec:	cb000021 	sub	x1, x1, x0
  4038f0:	fd003bea 	str	d10, [sp, #112]
  4038f4:	b4000040 	cbz	x0, 4038fc <_Z13generate_datai+0x468>
  4038f8:	97fff5c2 	bl	401000 <_ZdlPvm@plt>
  4038fc:	aa1303e0 	mov	x0, x19
  403900:	97fff604 	bl	401110 <_Unwind_Resume@plt>
  403904:	f94a0fe2 	ldr	x2, [sp, #5144]
  403908:	91004294 	add	x20, x20, #0x10
  40390c:	aa0003f3 	mov	x19, x0
  403910:	eb14005f 	cmp	x2, x20
  403914:	54fffe20 	b.eq	4038d8 <_Z13generate_datai+0x444>  // b.none
  403918:	f94a17e1 	ldr	x1, [sp, #5160]
  40391c:	aa0203e0 	mov	x0, x2
  403920:	91000421 	add	x1, x1, #0x1
  403924:	97fff5b7 	bl	401000 <_ZdlPvm@plt>
  403928:	17ffffec 	b	4038d8 <_Z13generate_datai+0x444>
  40392c:	d503201f 	nop

0000000000403930 <_ZNSt6vectorIiSaIiEEC1ESt16initializer_listIiERKS0_>:
  403930:	a9bd7bfd 	stp	x29, x30, [sp, #-48]!
  403934:	910003fd 	mov	x29, sp
  403938:	a90153f3 	stp	x19, x20, [sp, #16]
  40393c:	aa0003f3 	mov	x19, x0
  403940:	d37ef454 	lsl	x20, x2, #2
  403944:	a9025bf5 	stp	x21, x22, [sp, #32]
  403948:	b27ef3e0 	mov	x0, #0x7ffffffffffffffc    	// #9223372036854775804
  40394c:	a9007e7f 	stp	xzr, xzr, [x19]
  403950:	f9000a7f 	str	xzr, [x19, #16]
  403954:	eb00029f 	cmp	x20, x0
  403958:	54000308 	b.hi	4039b8 <_ZNSt6vectorIiSaIiEEC1ESt16initializer_listIiERKS0_+0x88>  // b.pmore
  40395c:	b40001f4 	cbz	x20, 403998 <_ZNSt6vectorIiSaIiEEC1ESt16initializer_listIiERKS0_+0x68>
  403960:	aa0103f6 	mov	x22, x1
  403964:	aa1403e0 	mov	x0, x20
  403968:	97fff5a2 	bl	400ff0 <_Znwm@plt>
  40396c:	8b140015 	add	x21, x0, x20
  403970:	f9000260 	str	x0, [x19]
  403974:	f9000a75 	str	x21, [x19, #16]
  403978:	aa1603e1 	mov	x1, x22
  40397c:	aa1403e2 	mov	x2, x20
  403980:	97fff578 	bl	400f60 <memcpy@plt>
  403984:	f9000675 	str	x21, [x19, #8]
  403988:	a94153f3 	ldp	x19, x20, [sp, #16]
  40398c:	a9425bf5 	ldp	x21, x22, [sp, #32]
  403990:	a8c37bfd 	ldp	x29, x30, [sp], #48
  403994:	d65f03c0 	ret
  403998:	d2800015 	mov	x21, #0x0                   	// #0
  40399c:	f900027f 	str	xzr, [x19]
  4039a0:	f9000675 	str	x21, [x19, #8]
  4039a4:	f9000a7f 	str	xzr, [x19, #16]
  4039a8:	a94153f3 	ldp	x19, x20, [sp, #16]
  4039ac:	a9425bf5 	ldp	x21, x22, [sp, #32]
  4039b0:	a8c37bfd 	ldp	x29, x30, [sp], #48
  4039b4:	d65f03c0 	ret
  4039b8:	90000000 	adrp	x0, 403000 <_Z20gauss_pthread_cyclicPfS_ii+0x270>
  4039bc:	91382000 	add	x0, x0, #0xe08
  4039c0:	97fff574 	bl	400f90 <_ZSt20__throw_length_errorPKc@plt>
  4039c4:	f9400262 	ldr	x2, [x19]
  4039c8:	f9400a61 	ldr	x1, [x19, #16]
  4039cc:	aa0003f3 	mov	x19, x0
  4039d0:	cb020021 	sub	x1, x1, x2
  4039d4:	b4000062 	cbz	x2, 4039e0 <_ZNSt6vectorIiSaIiEEC1ESt16initializer_listIiERKS0_+0xb0>
  4039d8:	aa0203e0 	mov	x0, x2
  4039dc:	97fff589 	bl	401000 <_ZdlPvm@plt>
  4039e0:	aa1303e0 	mov	x0, x19
  4039e4:	97fff5cb 	bl	401110 <_Unwind_Resume@plt>
  4039e8:	d503201f 	nop
  4039ec:	d503201f 	nop

00000000004039f0 <_ZNSt6vectorIfSaIfEE17_M_default_appendEm>:
  4039f0:	b40003a1 	cbz	x1, 403a64 <_ZNSt6vectorIfSaIfEE17_M_default_appendEm+0x74>
  4039f4:	a9bb7bfd 	stp	x29, x30, [sp, #-80]!
  4039f8:	910003fd 	mov	x29, sp
  4039fc:	a9025bf5 	stp	x21, x22, [sp, #32]
  403a00:	a9400c16 	ldp	x22, x3, [x0]
  403a04:	a90153f3 	stp	x19, x20, [sp, #16]
  403a08:	aa0003f4 	mov	x20, x0
  403a0c:	f9400800 	ldr	x0, [x0, #16]
  403a10:	a90363f7 	stp	x23, x24, [sp, #48]
  403a14:	aa0103f3 	mov	x19, x1
  403a18:	cb160078 	sub	x24, x3, x22
  403a1c:	cb030000 	sub	x0, x0, x3
  403a20:	92fc0001 	mov	x1, #0x1fffffffffffffff    	// #2305843009213693951
  403a24:	9342ff15 	asr	x21, x24, #2
  403a28:	cb150022 	sub	x2, x1, x21
  403a2c:	eb800a7f 	cmp	x19, x0, asr #2
  403a30:	540001c8 	b.hi	403a68 <_ZNSt6vectorIfSaIfEE17_M_default_appendEm+0x78>  // b.pmore
  403a34:	d37ef673 	lsl	x19, x19, #2
  403a38:	aa0303e0 	mov	x0, x3
  403a3c:	aa1303e2 	mov	x2, x19
  403a40:	52800001 	mov	w1, #0x0                   	// #0
  403a44:	97fff55b 	bl	400fb0 <memset@plt>
  403a48:	8b130003 	add	x3, x0, x19
  403a4c:	f9000683 	str	x3, [x20, #8]
  403a50:	a94153f3 	ldp	x19, x20, [sp, #16]
  403a54:	a9425bf5 	ldp	x21, x22, [sp, #32]
  403a58:	a94363f7 	ldp	x23, x24, [sp, #48]
  403a5c:	a8c57bfd 	ldp	x29, x30, [sp], #80
  403a60:	d65f03c0 	ret
  403a64:	d65f03c0 	ret
  403a68:	a9046bf9 	stp	x25, x26, [sp, #64]
  403a6c:	eb13005f 	cmp	x2, x19
  403a70:	54000643 	b.cc	403b38 <_ZNSt6vectorIfSaIfEE17_M_default_appendEm+0x148>  // b.lo, b.ul, b.last
  403a74:	eb15027f 	cmp	x19, x21
  403a78:	9a952260 	csel	x0, x19, x21, cs  // cs = hs, nlast
  403a7c:	ab0002a0 	adds	x0, x21, x0
  403a80:	54000582 	b.cs	403b30 <_ZNSt6vectorIfSaIfEE17_M_default_appendEm+0x140>  // b.hs, b.nlast
  403a84:	b50003c0 	cbnz	x0, 403afc <_ZNSt6vectorIfSaIfEE17_M_default_appendEm+0x10c>
  403a88:	aa1803fa 	mov	x26, x24
  403a8c:	d2800017 	mov	x23, #0x0                   	// #0
  403a90:	d2800019 	mov	x25, #0x0                   	// #0
  403a94:	8b180320 	add	x0, x25, x24
  403a98:	d37ef662 	lsl	x2, x19, #2
  403a9c:	52800001 	mov	w1, #0x0                   	// #0
  403aa0:	97fff544 	bl	400fb0 <memset@plt>
  403aa4:	f100035f 	cmp	x26, #0x0
  403aa8:	5400018c 	b.gt	403ad8 <_ZNSt6vectorIfSaIfEE17_M_default_appendEm+0xe8>
  403aac:	b50003d6 	cbnz	x22, 403b24 <_ZNSt6vectorIfSaIfEE17_M_default_appendEm+0x134>
  403ab0:	8b150273 	add	x19, x19, x21
  403ab4:	f9000a97 	str	x23, [x20, #16]
  403ab8:	a9425bf5 	ldp	x21, x22, [sp, #32]
  403abc:	8b130b33 	add	x19, x25, x19, lsl #2
  403ac0:	a9004e99 	stp	x25, x19, [x20]
  403ac4:	a94153f3 	ldp	x19, x20, [sp, #16]
  403ac8:	a94363f7 	ldp	x23, x24, [sp, #48]
  403acc:	a9446bf9 	ldp	x25, x26, [sp, #64]
  403ad0:	a8c57bfd 	ldp	x29, x30, [sp], #80
  403ad4:	d65f03c0 	ret
  403ad8:	aa1603e1 	mov	x1, x22
  403adc:	aa1a03e2 	mov	x2, x26
  403ae0:	aa1903e0 	mov	x0, x25
  403ae4:	97fff55f 	bl	401060 <memmove@plt>
  403ae8:	f9400a81 	ldr	x1, [x20, #16]
  403aec:	cb160021 	sub	x1, x1, x22
  403af0:	aa1603e0 	mov	x0, x22
  403af4:	97fff543 	bl	401000 <_ZdlPvm@plt>
  403af8:	17ffffee 	b	403ab0 <_ZNSt6vectorIfSaIfEE17_M_default_appendEm+0xc0>
  403afc:	eb01001f 	cmp	x0, x1
  403b00:	9a819000 	csel	x0, x0, x1, ls  // ls = plast
  403b04:	d37ef417 	lsl	x23, x0, #2
  403b08:	aa1703e0 	mov	x0, x23
  403b0c:	97fff539 	bl	400ff0 <_Znwm@plt>
  403b10:	a9406a96 	ldp	x22, x26, [x20]
  403b14:	aa0003f9 	mov	x25, x0
  403b18:	8b170017 	add	x23, x0, x23
  403b1c:	cb16035a 	sub	x26, x26, x22
  403b20:	17ffffdd 	b	403a94 <_ZNSt6vectorIfSaIfEE17_M_default_appendEm+0xa4>
  403b24:	f9400a81 	ldr	x1, [x20, #16]
  403b28:	cb160021 	sub	x1, x1, x22
  403b2c:	17fffff1 	b	403af0 <_ZNSt6vectorIfSaIfEE17_M_default_appendEm+0x100>
  403b30:	b27ef3f7 	mov	x23, #0x7ffffffffffffffc    	// #9223372036854775804
  403b34:	17fffff5 	b	403b08 <_ZNSt6vectorIfSaIfEE17_M_default_appendEm+0x118>
  403b38:	90000000 	adrp	x0, 403000 <_Z20gauss_pthread_cyclicPfS_ii+0x270>
  403b3c:	91390000 	add	x0, x0, #0xe40
  403b40:	97fff514 	bl	400f90 <_ZSt20__throw_length_errorPKc@plt>
  403b44:	d503201f 	nop
  403b48:	d503201f 	nop
  403b4c:	d503201f 	nop

0000000000403b50 <_ZNSt6vectorIiSaIiEE17_M_realloc_insertIJiEEEvN9__gnu_cxx17__normal_iteratorIPiS1_EEDpOT_>:
  403b50:	a9ba7bfd 	stp	x29, x30, [sp, #-96]!
  403b54:	910003fd 	mov	x29, sp
  403b58:	a9025bf5 	stp	x21, x22, [sp, #32]
  403b5c:	a9046bf9 	stp	x25, x26, [sp, #64]
  403b60:	a9405819 	ldp	x25, x22, [x0]
  403b64:	a90153f3 	stp	x19, x20, [sp, #16]
  403b68:	a90363f7 	stp	x23, x24, [sp, #48]
  403b6c:	aa0103f8 	mov	x24, x1
  403b70:	92fc0001 	mov	x1, #0x1fffffffffffffff    	// #2305843009213693951
  403b74:	a90573fb 	stp	x27, x28, [sp, #80]
  403b78:	cb1902c3 	sub	x3, x22, x25
  403b7c:	9342fc63 	asr	x3, x3, #2
  403b80:	eb01007f 	cmp	x3, x1
  403b84:	54000760 	b.eq	403c70 <_ZNSt6vectorIiSaIiEE17_M_realloc_insertIJiEEEvN9__gnu_cxx17__normal_iteratorIPiS1_EEDpOT_+0x120>  // b.none
  403b88:	f100007f 	cmp	x3, #0x0
  403b8c:	aa0003f4 	mov	x20, x0
  403b90:	9a9f1460 	csinc	x0, x3, xzr, ne  // ne = any
  403b94:	aa0203fb 	mov	x27, x2
  403b98:	cb19031a 	sub	x26, x24, x25
  403b9c:	ab000063 	adds	x3, x3, x0
  403ba0:	54000642 	b.cs	403c68 <_ZNSt6vectorIiSaIiEE17_M_realloc_insertIJiEEEvN9__gnu_cxx17__normal_iteratorIPiS1_EEDpOT_+0x118>  // b.hs, b.nlast
  403ba4:	b50003e3 	cbnz	x3, 403c20 <_ZNSt6vectorIiSaIiEE17_M_realloc_insertIJiEEEvN9__gnu_cxx17__normal_iteratorIPiS1_EEDpOT_+0xd0>
  403ba8:	d2800013 	mov	x19, #0x0                   	// #0
  403bac:	d2800015 	mov	x21, #0x0                   	// #0
  403bb0:	b9400360 	ldr	w0, [x27]
  403bb4:	91001357 	add	x23, x26, #0x4
  403bb8:	cb1802d6 	sub	x22, x22, x24
  403bbc:	8b1702b7 	add	x23, x21, x23
  403bc0:	b83a6aa0 	str	w0, [x21, x26]
  403bc4:	8b1602fb 	add	x27, x23, x22
  403bc8:	f9400a9c 	ldr	x28, [x20, #16]
  403bcc:	f100035f 	cmp	x26, #0x0
  403bd0:	5400038c 	b.gt	403c40 <_ZNSt6vectorIiSaIiEE17_M_realloc_insertIJiEEEvN9__gnu_cxx17__normal_iteratorIPiS1_EEDpOT_+0xf0>
  403bd4:	f10002df 	cmp	x22, #0x0
  403bd8:	5400016c 	b.gt	403c04 <_ZNSt6vectorIiSaIiEE17_M_realloc_insertIJiEEEvN9__gnu_cxx17__normal_iteratorIPiS1_EEDpOT_+0xb4>
  403bdc:	b50001f9 	cbnz	x25, 403c18 <_ZNSt6vectorIiSaIiEE17_M_realloc_insertIJiEEEvN9__gnu_cxx17__normal_iteratorIPiS1_EEDpOT_+0xc8>
  403be0:	a94363f7 	ldp	x23, x24, [sp, #48]
  403be4:	a9446bf9 	ldp	x25, x26, [sp, #64]
  403be8:	a9006e95 	stp	x21, x27, [x20]
  403bec:	f9000a93 	str	x19, [x20, #16]
  403bf0:	a94153f3 	ldp	x19, x20, [sp, #16]
  403bf4:	a9425bf5 	ldp	x21, x22, [sp, #32]
  403bf8:	a94573fb 	ldp	x27, x28, [sp, #80]
  403bfc:	a8c67bfd 	ldp	x29, x30, [sp], #96
  403c00:	d65f03c0 	ret
  403c04:	aa1603e2 	mov	x2, x22
  403c08:	aa1803e1 	mov	x1, x24
  403c0c:	aa1703e0 	mov	x0, x23
  403c10:	97fff4d4 	bl	400f60 <memcpy@plt>
  403c14:	b4fffe79 	cbz	x25, 403be0 <_ZNSt6vectorIiSaIiEE17_M_realloc_insertIJiEEEvN9__gnu_cxx17__normal_iteratorIPiS1_EEDpOT_+0x90>
  403c18:	cb190381 	sub	x1, x28, x25
  403c1c:	14000010 	b	403c5c <_ZNSt6vectorIiSaIiEE17_M_realloc_insertIJiEEEvN9__gnu_cxx17__normal_iteratorIPiS1_EEDpOT_+0x10c>
  403c20:	eb01007f 	cmp	x3, x1
  403c24:	9a819063 	csel	x3, x3, x1, ls  // ls = plast
  403c28:	d37ef473 	lsl	x19, x3, #2
  403c2c:	aa1303e0 	mov	x0, x19
  403c30:	97fff4f0 	bl	400ff0 <_Znwm@plt>
  403c34:	aa0003f5 	mov	x21, x0
  403c38:	8b130013 	add	x19, x0, x19
  403c3c:	17ffffdd 	b	403bb0 <_ZNSt6vectorIiSaIiEE17_M_realloc_insertIJiEEEvN9__gnu_cxx17__normal_iteratorIPiS1_EEDpOT_+0x60>
  403c40:	aa1903e1 	mov	x1, x25
  403c44:	aa1a03e2 	mov	x2, x26
  403c48:	aa1503e0 	mov	x0, x21
  403c4c:	97fff505 	bl	401060 <memmove@plt>
  403c50:	cb190381 	sub	x1, x28, x25
  403c54:	f10002df 	cmp	x22, #0x0
  403c58:	54fffd6c 	b.gt	403c04 <_ZNSt6vectorIiSaIiEE17_M_realloc_insertIJiEEEvN9__gnu_cxx17__normal_iteratorIPiS1_EEDpOT_+0xb4>
  403c5c:	aa1903e0 	mov	x0, x25
  403c60:	97fff4e8 	bl	401000 <_ZdlPvm@plt>
  403c64:	17ffffdf 	b	403be0 <_ZNSt6vectorIiSaIiEE17_M_realloc_insertIJiEEEvN9__gnu_cxx17__normal_iteratorIPiS1_EEDpOT_+0x90>
  403c68:	b27ef3f3 	mov	x19, #0x7ffffffffffffffc    	// #9223372036854775804
  403c6c:	17fffff0 	b	403c2c <_ZNSt6vectorIiSaIiEE17_M_realloc_insertIJiEEEvN9__gnu_cxx17__normal_iteratorIPiS1_EEDpOT_+0xdc>
  403c70:	90000000 	adrp	x0, 403000 <_Z20gauss_pthread_cyclicPfS_ii+0x270>
  403c74:	91398000 	add	x0, x0, #0xe60
  403c78:	97fff4c6 	bl	400f90 <_ZSt20__throw_length_errorPKc@plt>
  403c7c:	d503201f 	nop

0000000000403c80 <_ZNSt6vectorIiSaIiEE12emplace_backIJiEEEvDpOT_>:
  403c80:	a9408803 	ldp	x3, x2, [x0, #8]
  403c84:	aa0003e4 	mov	x4, x0
  403c88:	eb02007f 	cmp	x3, x2
  403c8c:	540000a0 	b.eq	403ca0 <_ZNSt6vectorIiSaIiEE12emplace_backIJiEEEvDpOT_+0x20>  // b.none
  403c90:	b9400020 	ldr	w0, [x1]
  403c94:	b8004460 	str	w0, [x3], #4
  403c98:	f9000483 	str	x3, [x4, #8]
  403c9c:	d65f03c0 	ret
  403ca0:	aa0103e2 	mov	x2, x1
  403ca4:	aa0303e1 	mov	x1, x3
  403ca8:	17ffffaa 	b	403b50 <_ZNSt6vectorIiSaIiEE17_M_realloc_insertIJiEEEvN9__gnu_cxx17__normal_iteratorIPiS1_EEDpOT_>
  403cac:	d503201f 	nop

0000000000403cb0 <_ZNSt23mersenne_twister_engineImLm32ELm624ELm397ELm31ELm2567483615ELm11ELm4294967295ELm7ELm2636928640ELm15ELm4022730752ELm18ELm1812433253EE11_M_gen_randEv>:
  403cb0:	b0000002 	adrp	x2, 404000 <_IO_stdin_used+0x200>
  403cb4:	b0000001 	adrp	x1, 404000 <_IO_stdin_used+0x200>
  403cb8:	911c6006 	add	x6, x0, #0x718
  403cbc:	3dc01045 	ldr	q5, [x2, #64]
  403cc0:	b0000002 	adrp	x2, 404000 <_IO_stdin_used+0x200>
  403cc4:	3dc00c26 	ldr	q6, [x1, #48]
  403cc8:	91002001 	add	x1, x0, #0x8
  403ccc:	3dc01444 	ldr	q4, [x2, #80]
  403cd0:	b0000002 	adrp	x2, 404000 <_IO_stdin_used+0x200>
  403cd4:	3dc01843 	ldr	q3, [x2, #96]
  403cd8:	91004021 	add	x1, x1, #0x10
  403cdc:	3cde8020 	ldur	q0, [x1, #-24]
  403ce0:	3cdf0022 	ldur	q2, [x1, #-16]
  403ce4:	4e261c00 	and	v0.16b, v0.16b, v6.16b
  403ce8:	3dc31421 	ldr	q1, [x1, #3152]
  403cec:	4e251c42 	and	v2.16b, v2.16b, v5.16b
  403cf0:	4ea21c00 	orr	v0.16b, v0.16b, v2.16b
  403cf4:	6f7f0402 	ushr	v2.2d, v0.2d, #1
  403cf8:	4e241c00 	and	v0.16b, v0.16b, v4.16b
  403cfc:	6e221c21 	eor	v1.16b, v1.16b, v2.16b
  403d00:	4ee09800 	cmeq	v0.2d, v0.2d, #0
  403d04:	6e231c22 	eor	v2.16b, v1.16b, v3.16b
  403d08:	6e621c20 	bsl	v0.16b, v1.16b, v2.16b
  403d0c:	3c9e8020 	stur	q0, [x1, #-24]
  403d10:	eb0100df 	cmp	x6, x1
  403d14:	54fffe21 	b.ne	403cd8 <_ZNSt23mersenne_twister_engineImLm32ELm624ELm397ELm31ELm2567483615ELm11ELm4294967295ELm7ELm2636928640ELm15ELm4022730752ELm18ELm1812433253EE11_M_gen_randEv+0x28>  // b.any
  403d18:	f9438802 	ldr	x2, [x0, #1808]
  403d1c:	d2961be4 	mov	x4, #0xb0df                	// #45279
  403d20:	f9438c05 	ldr	x5, [x0, #1816]
  403d24:	f2b32104 	movk	x4, #0x9908, lsl #16
  403d28:	f949bc01 	ldr	x1, [x0, #4984]
  403d2c:	911c8007 	add	x7, x0, #0x720
  403d30:	b34078a2 	bfxil	x2, x5, #0, #31
  403d34:	b0000005 	adrp	x5, 404000 <_IO_stdin_used+0x200>
  403d38:	d2800003 	mov	x3, #0x0                   	// #0
  403d3c:	ca420421 	eor	x1, x1, x2, lsr #1
  403d40:	f240005f 	tst	x2, #0x1
  403d44:	b0000002 	adrp	x2, 404000 <_IO_stdin_used+0x200>
  403d48:	3dc00ca6 	ldr	q6, [x5, #48]
  403d4c:	b0000005 	adrp	x5, 404000 <_IO_stdin_used+0x200>
  403d50:	3dc01444 	ldr	q4, [x2, #80]
  403d54:	ca040022 	eor	x2, x1, x4
  403d58:	b0000004 	adrp	x4, 404000 <_IO_stdin_used+0x200>
  403d5c:	9a811041 	csel	x1, x2, x1, ne  // ne = any
  403d60:	3dc010a5 	ldr	q5, [x5, #64]
  403d64:	f9038801 	str	x1, [x0, #1808]
  403d68:	3dc01883 	ldr	q3, [x4, #96]
  403d6c:	3ce368c0 	ldr	q0, [x6, x3]
  403d70:	3ce368e2 	ldr	q2, [x7, x3]
  403d74:	4e261c00 	and	v0.16b, v0.16b, v6.16b
  403d78:	3ce36801 	ldr	q1, [x0, x3]
  403d7c:	4e251c42 	and	v2.16b, v2.16b, v5.16b
  403d80:	4ea21c00 	orr	v0.16b, v0.16b, v2.16b
  403d84:	6f7f0402 	ushr	v2.2d, v0.2d, #1
  403d88:	4e241c00 	and	v0.16b, v0.16b, v4.16b
  403d8c:	6e221c21 	eor	v1.16b, v1.16b, v2.16b
  403d90:	4ee09800 	cmeq	v0.2d, v0.2d, #0
  403d94:	6e231c22 	eor	v2.16b, v1.16b, v3.16b
  403d98:	6e621c20 	bsl	v0.16b, v1.16b, v2.16b
  403d9c:	3ca368c0 	str	q0, [x6, x3]
  403da0:	91004063 	add	x3, x3, #0x10
  403da4:	f131807f 	cmp	x3, #0xc60
  403da8:	54fffe21 	b.ne	403d6c <_ZNSt23mersenne_twister_engineImLm32ELm624ELm397ELm31ELm2567483615ELm11ELm4294967295ELm7ELm2636928640ELm15ELm4022730752ELm18ELm1812433253EE11_M_gen_randEv+0xbc>  // b.any
  403dac:	f9400004 	ldr	x4, [x0]
  403db0:	d2961be3 	mov	x3, #0xb0df                	// #45279
  403db4:	f949bc02 	ldr	x2, [x0, #4984]
  403db8:	f2b32103 	movk	x3, #0x9908, lsl #16
  403dbc:	f9463001 	ldr	x1, [x0, #3168]
  403dc0:	f909c01f 	str	xzr, [x0, #4992]
  403dc4:	b3407882 	bfxil	x2, x4, #0, #31
  403dc8:	ca420421 	eor	x1, x1, x2, lsr #1
  403dcc:	f240005f 	tst	x2, #0x1
  403dd0:	ca030022 	eor	x2, x1, x3
  403dd4:	9a811041 	csel	x1, x2, x1, ne  // ne = any
  403dd8:	f909bc01 	str	x1, [x0, #4984]
  403ddc:	d65f03c0 	ret

Disassembly of section .fini:

0000000000403de0 <_fini>:
  403de0:	d503201f 	nop
  403de4:	a9bf7bfd 	stp	x29, x30, [sp, #-16]!
  403de8:	910003fd 	mov	x29, sp
  403dec:	a8c17bfd 	ldp	x29, x30, [sp], #16
  403df0:	d65f03c0 	ret
